key,variable,level,unit,overall,overall_se,no_opioid,no_opioid_se,any_opioid,any_opioid_se,standardized_difference,unweighted_n,suppressed
DESC_AGEY1X_MEAN,"Age, years",mean,mean,57.23204108502947,0.36247543867615056,58.115585275555226,0.41182648889078355,53.00521663248992,0.7265834839902181,-0.29529457914403356,4454,FALSE
DESC_SEX_MALE,Sex,male,proportion,0.43141628375859226,0.00890051883711092,0.436475238564968,0.010243995606138864,0.4072145357202088,0.020050941186557793,-0.059079835597088584,1874,FALSE
DESC_SEX_FEMALE,Sex,female,proportion,0.5685837162414077,0.008900518837110918,0.5635247614350319,0.010243995606138864,0.5927854642797912,0.020050941186557793,0.0590798355970887,2580,FALSE
DESC_RACE_ETHNICITY_HISPANIC,Race/ethnicity,hispanic,proportion,0.08748240789706789,0.006044974321074908,0.08685515716909266,0.006083854868852222,0.09048313920548309,0.011930180719852333,0.012840565218504149,464,FALSE
DESC_RACE_ETHNICITY_NON_HISPANIC_WHITE,Race/ethnicity,non_hispanic_white,proportion,0.7836313151998856,0.009579896623135287,0.7853672113319399,0.010434219742929152,0.775326888215119,0.017588573942762167,-0.02438341865731601,3326,FALSE
DESC_RACE_ETHNICITY_NON_HISPANIC_BLACK,Race/ethnicity,non_hispanic_black,proportion,0.07503485061941967,0.006241253062218363,0.07218794419707776,0.007020435768750769,0.0886542867597742,0.010722147007991099,0.06250330037769092,454,FALSE
DESC_RACE_ETHNICITY_NON_HISPANIC_ASIAN,Race/ethnicity,non_hispanic_asian,proportion,0.026660439956276177,0.004886374720942916,0.02966475449388779,0.005792565936539728,0.012287972470365251,0.0034275488498747087,-0.10787070318543261,83,FALSE
DESC_RACE_ETHNICITY_NON_HISPANIC_OTHER_MULTIPLE,Race/ethnicity,non_hispanic_other_multiple,proportion,0.027190986327350595,0.0032214805644184925,0.025924932808001844,0.003483733334048606,0.03324771334925851,0.007832544569331641,0.04502458775371643,127,FALSE
DESC_REGION_NORTHEAST,Census region,northeast,proportion,0.1838872194359576,0.015764777045662516,0.18697144599223725,0.015509280054744513,0.16913245746135003,0.02538401523904509,-0.046048910965499415,794,FALSE
DESC_REGION_MIDWEST,Census region,midwest,proportion,0.23981573289186844,0.017282232742865063,0.22993574638975514,0.017381187394857577,0.2870810185286214,0.02601633682987961,0.13383879908195143,1061,FALSE
DESC_REGION_SOUTH,Census region,south,proportion,0.3580788452765505,0.019574696711069848,0.35886501272812055,0.020218603828560347,0.35431786552735445,0.029210681432160435,-0.00948437762233762,1546,FALSE
DESC_REGION_WEST,Census region,west,proportion,0.21821820239562345,0.017872796934627913,0.22422779488988698,0.018371927589535913,0.1894686584826742,0.022551072529590484,-0.08415515295501352,1053,FALSE
DESC_POVERTY_2_X200_PLUS_FPL,Family income,200_plus_fpl,proportion,0.7538347596086465,0.009804795819356017,0.7588167875708696,0.010399662542136373,0.7300010251562368,0.019473727756663006,-0.06689269154243664,3149,FALSE
DESC_POVERTY_2_BELOW_200_FPL,Family income,below_200_fpl,proportion,0.24616524039135343,0.009804795819356017,0.2411832124291304,0.010399662542136373,0.2699989748437633,0.019473727756663006,0.06689269154243685,1305,FALSE
DESC_INSURANCE_ANY_PRIVATE,Insurance,any_private,proportion,0.6805909827248667,0.009648455386493629,0.6762564513143902,0.010068889910054637,0.7013271310155382,0.020759832351575393,0.053771162625296555,2776,FALSE
DESC_INSURANCE_PUBLIC_ONLY,Insurance,public_only,proportion,0.3052441510067864,0.009534247869181068,0.3094187412458038,0.009953531912675541,0.28527315205639775,0.020006235895693128,-0.05243219340747086,1608,FALSE
DESC_INSURANCE_UNINSURED,Insurance,uninsured,proportion,0.014164866268346817,0.0023185229006418492,0.014324807439805977,0.0026130669577119265,0.01339971692806411,0.0044429730739355315,-0.007828451069195191,70,FALSE
DESC_ERTOTY1_MEAN,Year-1 ED visits,mean,mean,0.5109803517363435,0.02287219854046427,0.4744996365131684,0.020894388965768482,0.6855019894822653,0.07533723112777158,0.18823013650135947,4454,FALSE
DESC_IPDISY1_MEAN,Year-1 inpatient discharges,mean,mean,0.37871997330359275,0.014258898119169286,0.33062326424743194,0.015212520424977664,0.6088118556397673,0.03270565916349112,0.3648069966246027,4454,FALSE
DESC_OPTOTVY1_MEAN,Year-1 outpatient visits,mean,mean,2.5112497951116115,0.11433868818166164,2.2383902044772617,0.11168720846526449,3.816594340602787,0.35775465717623445,0.27684081697266055,4454,FALSE
DESC_OBTOTVY1_MEAN,Year-1 office-based visits,mean,mean,15.571571592091574,0.32144521793881387,14.971598907530023,0.3606058880388039,18.441806313969536,0.7174648013376578,0.20401801421543886,4454,FALSE
DESC_PHYSICAL_HEALTH_3_EXCELLENT_VERY_GOOD,Physical health,excellent_very_good,proportion,0.5056475817196737,0.009743253889174396,0.510293769563533,0.010106120495860939,0.4834204870252584,0.022775545729079093,-0.05374999391730079,2115,FALSE
DESC_PHYSICAL_HEALTH_3_GOOD,Physical health,good,proportion,0.29057113689923647,0.0081000465952346,0.29366433578792306,0.009177724518379613,0.2757734518038382,0.019673634996496013,-0.03940498225631732,1297,FALSE
DESC_PHYSICAL_HEALTH_3_FAIR_POOR,Physical health,fair_poor,proportion,0.20378128138108975,0.007970999542411978,0.19604189464854388,0.00834073957676304,0.2408060611709034,0.019747724740672472,0.11113021807373397,1042,FALSE
DESC_MENTAL_HEALTH_3_EXCELLENT_VERY_GOOD,Mental health,excellent_very_good,proportion,0.648625435389274,0.009281837260430663,0.6531702251333507,0.010159219252353658,0.6268834233564823,0.02282499955591542,-0.05506245900041268,2794,FALSE
DESC_MENTAL_HEALTH_3_GOOD,Mental health,good,proportion,0.25847572865261986,0.008548906233491589,0.2547878304057528,0.009371966021140817,0.2761184211806074,0.0212375939306142,0.04872258414893884,1185,FALSE
DESC_MENTAL_HEALTH_3_FAIR_POOR,Mental health,fair_poor,proportion,0.09289883595810611,0.00566691131179626,0.09204194446089653,0.006157579301356729,0.09699815546291035,0.01247068472319414,0.01707327317589491,475,FALSE
DESC_WALK_LIMITATION_NO,Walking limitation,no,proportion,0.7412623031778712,0.008620076787629506,0.7606849874459874,0.009059582680659302,0.6483453017661163,0.02252793652977126,-0.25651773298153463,3133,FALSE
DESC_WALK_LIMITATION_YES,Walking limitation,yes,proportion,0.2587376968221287,0.008620076787629508,0.23931501255401247,0.009059582680659303,0.3516546982338838,0.02252793652977126,0.25651773298153496,1321,FALSE
DESC_CANCER_Y1_NO,Cancer diagnosis,no,proportion,0.7347507531985947,0.008796115489112485,0.7206432256123092,0.009738401753854558,0.802240351575225,0.0184444603310223,0.18483225520517774,3228,FALSE
DESC_CANCER_Y1_YES,Cancer diagnosis,yes,proportion,0.26524924680140527,0.008796115489112485,0.27935677438769074,0.009738401753854556,0.197759648424775,0.0184444603310223,-0.18483225520517763,1226,FALSE
DESC_HIGHEST_SURGERY_SETTING_OFFICE_BASED,Highest-acuity surgery setting,office_based,proportion,0.4467000917833051,0.009711418485003448,0.5013906021014773,0.011281493617839814,0.1850638444812182,0.017588735917740513,-0.6362790293317384,1929,FALSE
DESC_HIGHEST_SURGERY_SETTING_OUTPATIENT,Highest-acuity surgery setting,outpatient,proportion,0.27968586513605187,0.008695556247370579,0.2656597480828701,0.009375043325235888,0.34678600021734635,0.01952657392494065,0.18074453931314619,1242,FALSE
DESC_HIGHEST_SURGERY_SETTING_EMERGENCY_ROOM,Highest-acuity surgery setting,emergency_room,proportion,0.041183921802349956,0.003949256738432509,0.04410704766369764,0.00468023006292214,0.027199856261448104,0.005222075695954144,-0.08508244563764472,193,FALSE
DESC_HIGHEST_SURGERY_SETTING_INPATIENT,Highest-acuity surgery setting,inpatient,proportion,0.23243012127829302,0.007864823101838742,0.18884260215195486,0.008133189861162897,0.44095029903998734,0.02129188570511507,0.5968716325631858,1090,FALSE
DESC_PANEL_X22,MEPS panel,22,proportion,0.257529134347134,0.009258542213563961,0.249902353789392,0.010010389795991365,0.294015212690804,0.019492226459541368,0.10088168148966999,1497,FALSE
DESC_PANEL_X23,MEPS panel,23,proportion,0.2530473841786178,0.008817299220233072,0.2463672761130446,0.009621856360348497,0.28500463591536435,0.01810080983527327,0.08887098421263584,1480,FALSE
DESC_PANEL_X25,MEPS panel,25,proportion,0.23467034518214266,0.011051019505493243,0.24162088629250417,0.012069634718880824,0.20141935735529068,0.021980450058119664,-0.0948613265410297,645,FALSE
DESC_PANEL_X26,MEPS panel,26,proportion,0.2547531362921056,0.012422207404355986,0.26210948380505916,0.013527649959103853,0.219560794038541,0.022020198394497387,-0.09765092081268013,832,FALSE
DESC_SURGICAL_EVENT_COUNT_MEAN,Year-1 surgical events,mean,mean,2.0911451998529365,0.047657573434915265,2.0603837269293814,0.05095385059269927,2.2383063122722766,0.1070294041081418,0.078372667848897,4454,FALSE
