requested_file,resolved_path,bytes,sha256
h197a.dta,C:\Users\nimmi\.codex-data\meps-opioid-sparing\dta\h197a.dta,242220718,5779ddf529e1cb4dd853bcbd8b1dad1220c31a353b8d45aa79cefdf47aa612bc
h197d.dta,C:\Users\nimmi\.codex-data\meps-opioid-sparing\dta\h197d.dta,1348758,bc0a2f98c5bba83ee9ebc1054b753217cb0e58eb8d6a447a0ec307de9decaf4d
h197e.dta,C:\Users\nimmi\.codex-data\meps-opioid-sparing\dta\h197e.dta,3183542,3b7b14af00f84bda582e08ae0c4352e0d2f137e5c1bd7c2f4f60f1d4c95dbfcc
h197f.dta,C:\Users\nimmi\.codex-data\meps-opioid-sparing\dta\h197f.dta,7865466,88568399cb5c54ba9252ebe23e01150bca63565ada34d3d4f57db36af4f23732
h197g.dta,C:\Users\nimmi\.codex-data\meps-opioid-sparing\dta\h197g.dta,68228298,96edb30ccb8519b9f22f26a712bba280666ae01bed19576ba9bc069624bbf2d2
h197if1.dta,C:\Users\nimmi\.codex-data\meps-opioid-sparing\dta\h197if1.dta,27016834,ac5da6224c77276ea70717ea2f4a764f6e1e5d729124f771e4565a6123f920e0
h199.dta,C:\Users\nimmi\.codex-data\meps-opioid-sparing\dta\h199.dta,8904596,5df5ec493beb549be8e44e5051ecc8e05d25d108acba7707167cf7a9b5940aba
h206a.dta,C:\Users\nimmi\.codex-data\meps-opioid-sparing\dta\h206a.dta,261529566,8ad4b139f30cd59a3cca4cbecbd87d01ff50a0fed4033f18492300ba71d91c49
h206d.dta,C:\Users\nimmi\.codex-data\meps-opioid-sparing\dta\h206d.dta,1369858,86158ee3e339a3bd5d80e4c96f7ac7faa35b4561165bc158ab16f0c157d6d1b3
h206e.dta,C:\Users\nimmi\.codex-data\meps-opioid-sparing\dta\h206e.dta,3262084,fa7c14d24022fff1434f11cf999aea1a97a0b5b09c5a9aabaad7b26f673e1ee6
h206f.dta,C:\Users\nimmi\.codex-data\meps-opioid-sparing\dta\h206f.dta,9779386,43003b7bc6a477e6517e979bcdc55daea94bd53ec381e076cba571f84c839342
h206g.dta,C:\Users\nimmi\.codex-data\meps-opioid-sparing\dta\h206g.dta,75858706,4669807bf30d5373ac2dee4e3792289d97a72200ac3baf076e1fef64da3bfc9c
h206if1.dta,C:\Users\nimmi\.codex-data\meps-opioid-sparing\dta\h206if1.dta,35037854,67b3b112800de3e4f673720cbd10f295b3137469aaf16f802da34cc5b4b09f82
h207.dta,C:\Users\nimmi\.codex-data\meps-opioid-sparing\dta\h207.dta,20435798,c1b733976aed5e9302ff19e5df0d99df5120b0be8f064729bbb826ec3ea58d77
h210.dta,C:\Users\nimmi\.codex-data\meps-opioid-sparing\dta\h210.dta,76238531,b47403a360aea073b7832842f8a33d029dc46b01d326eae9c619659d0c85cb76
h217.dta,C:\Users\nimmi\.codex-data\meps-opioid-sparing\dta\h217.dta,71989753,dd5e60de82ef6bda24afc5e536229cf68a673dd2dbf427d94628b0434a3ac1e2
h220a.dta,C:\Users\nimmi\.codex-data\meps-opioid-sparing\dta\h220a.dta,153331532,32c2ce077c18e0eeaf8235588a17331b508683548282dbe6cd96c721f7cb0765
h220d.dta,C:\Users\nimmi\.codex-data\meps-opioid-sparing\dta\h220d.dta,683922,ce9ab75eeb97a6cdec5fe3727ea2c96164cb55e9d8b2688b1aefec8730b8b14f
h220e.dta,C:\Users\nimmi\.codex-data\meps-opioid-sparing\dta\h220e.dta,1451768,b72276b86e5dc4b538f97cc145af9e888f56ff2b6763073bf03183db13af6695
h220f.dta,C:\Users\nimmi\.codex-data\meps-opioid-sparing\dta\h220f.dta,6386652,b914b2f6e8a9985bd93c0bceb163683a3aa9a19858e3fa5d1cf937ec497ef410
h220g.dta,C:\Users\nimmi\.codex-data\meps-opioid-sparing\dta\h220g.dta,30264929,d033a5d4d20e62deb32b59f944546111461ba6e733d1b925b7e79788e3df9da0
h220if1.dta,C:\Users\nimmi\.codex-data\meps-opioid-sparing\dta\h220if1.dta,23962673,20185ff671d2f557c45a3d7b9d8cfcbe33811acc1201096c62a5044820582288
h222.dta,C:\Users\nimmi\.codex-data\meps-opioid-sparing\dta\h222.dta,7037264,aba7462f2cb2640dad33795b386a2c14b586a0b4b1749767bc8325c685412119
h229a.dta,C:\Users\nimmi\.codex-data\meps-opioid-sparing\dta\h229a.dta,166869815,6727636bdf320674dd39ad39d5ed2b57d5e04dcc9b722c7d582d302598178dc0
h229d.dta,C:\Users\nimmi\.codex-data\meps-opioid-sparing\dta\h229d.dta,773974,ccaeacd2321704cde693afeaaf1df933a070bab07e3cc343b17c7c2dd6990c36
h229e.dta,C:\Users\nimmi\.codex-data\meps-opioid-sparing\dta\h229e.dta,1641091,07dee56fe8a10eee91da96aeeebf73775693aa3e27ff5a54ab43da8012bc451f
h229f.dta,C:\Users\nimmi\.codex-data\meps-opioid-sparing\dta\h229f.dta,8688756,664da26e13f3c32259c754fb77e018ddda73631687b765aa0cdbeb4ceacfb34e
h229g.dta,C:\Users\nimmi\.codex-data\meps-opioid-sparing\dta\h229g.dta,37440838,5e452dfe1468a7a9358081adb84323e6f48517260b4be9ce74c46861bb70232f
h229if1.dta,C:\Users\nimmi\.codex-data\meps-opioid-sparing\dta\h229if1.dta,28048663,da17b87bd0c3bacf67793a22b70f0b427c887800f5f977ce79307f32fe7ef6bd
h231.dta,C:\Users\nimmi\.codex-data\meps-opioid-sparing\dta\h231.dta,8810205,22c5cf92f96e6e30d058e75795483c3ee61e3ba1a42a9445f20167fcd782289a
h234.dta,C:\Users\nimmi\.codex-data\meps-opioid-sparing\dta\h234.dta,31152491,3365e05eedb2d6e6b2863e5dcb78611947056ca536ea1e0e79e9c78b6aaebb44
h244.dta,C:\Users\nimmi\.codex-data\meps-opioid-sparing\dta\h244.dta,34994211,5cf983c94fd9ed8d8377c9ad27bebd905c545327eca823a8c8412bf4e66eaa70
h36u23.dta,C:\Users\nimmi\.codex-data\meps-opioid-sparing\dta\h36u23.dta,129325912,8d3d924ead91a1b52afa3c82c4694bf63d6133ecaec04df174358739ccaca52d
