key,model,term,estimate,std_error,ci_low,ci_high,p_value,exponentiated,exponentiated_ci_low,exponentiated_ci_high,design_df,converged
M1_COEF_X.Intercept.,M1,(Intercept),-2.3145279819201208,0.25455032359284946,-2.8157616811100383,-1.8132942827302032,4.648218805488259e-17,0.0988128144309982,0.05985910782013888,0.1631159008435791,261,TRUE
M1_COEF_opioid_binaryany_opioid,M1,opioid_binaryany_opioid,-0.025651153842150134,0.11044602110029625,-0.24312983128219823,0.19182752359789795,0.816549906169077,0.9746750419533048,0.7841696974049497,1.2114615504150188,261,TRUE
M1_COEF_ns.AGEY1X..3.1,M1,"ns(AGEY1X, 3)1",-0.021628061051542923,0.15276216198677736,-0.32243122825298787,0.27917510614990204,0.8875357266761579,0.9786041483681464,0.7243857473673017,1.322038820730356,261,TRUE
M1_COEF_ns.AGEY1X..3.2,M1,"ns(AGEY1X, 3)2",0.09740274376540416,0.5484466574603779,-0.9825406758584119,1.1773461633892202,0.8591954134117101,1.1023042303911061,0.374358765300863,3.2457490753865565,261,TRUE
M1_COEF_ns.AGEY1X..3.3,M1,"ns(AGEY1X, 3)3",0.6054800532874716,0.15126786955636845,0.307619289426921,0.9033408171480222,8.450311534761545e-5,1.8321315185697042,1.3601830542817184,2.46783393659402,261,TRUE
M1_COEF_sexfemale,M1,sexfemale,-0.08449913578089178,0.0894620495622582,-0.26065838557593723,0.09166011401415368,0.34589261953256456,0.9189724495700393,0.7705441036389699,1.0959922463626361,261,TRUE
M1_COEF_race_modelhispanic,M1,race_modelhispanic,0.15195246920380912,0.14955196656445074,-0.14252951912838807,0.4464344575360063,0.3106725811272705,1.1641049042841818,0.867161956049324,1.562730259007585,261,TRUE
M1_COEF_race_modelnon_hispanic_black,M1,race_modelnon_hispanic_black,0.16753084533184606,0.11403303312117143,-0.05701099855358335,0.39207268921727545,0.14316040939995203,1.182381760580222,0.9445836802551696,1.4800452908260313,261,TRUE
M1_COEF_race_modelnon_hispanic_asian_other_multiple,M1,race_modelnon_hispanic_asian_other_multiple,0.21458121513470532,0.17555333029166723,-0.13109992133065637,0.560262351600067,0.2228402071906559,1.2393427702773443,0.8771301260027957,1.7511318522809765,261,TRUE
M1_COEF_regionmidwest,M1,regionmidwest,0.1786883853771438,0.12843133554469968,-0.07420507984561928,0.43158185059990684,0.16547435451261908,1.1956481046777339,0.9284812615212661,1.5396911596009784,261,TRUE
M1_COEF_regionsouth,M1,regionsouth,0.09212007026394471,0.09113139299815423,-0.08732627488333812,0.27156641541122756,0.3131509770846886,1.0964964707977738,0.916378055707977,1.3120180071783742,261,TRUE
M1_COEF_regionwest,M1,regionwest,-0.10280379678656086,0.12775075248973378,-0.35435712950651804,0.1487495359333963,0.4218113653699268,0.9023039910577845,0.7016243518484249,1.160382318734985,261,TRUE
M1_COEF_poverty_2below_200_fpl,M1,poverty_2below_200_fpl,0.26357761491190923,0.09447566987303041,0.07754607181457135,0.4496091580092471,0.00571462782148706,1.3015783129074423,1.080632017989649,1.56769934300356,261,TRUE
M1_COEF_insurance_modelno_private,M1,insurance_modelno_private,0.07620728025177717,0.09439911178198168,-0.10967351271239392,0.2620880732159483,0.42033457329273327,1.079186244971784,0.8961266615039517,1.2996410009514747,261,TRUE
M1_COEF_log1p.ERTOTY1.,M1,log1p(ERTOTY1),0.8148714464167309,0.0926810307428388,0.6323737177622131,0.9973691750712488,3.4946308368695715e-16,2.258885265888582,1.882072790767006,2.7111399035576462,261,TRUE
M1_COEF_log1p.IPDISY1.,M1,log1p(IPDISY1),0.08153102677989918,0.13848670126643006,-0.19116240603383808,0.35422445959363646,0.5566213431228655,1.0849468794698187,0.8259984301284589,1.4250750223438482,261,TRUE
M1_COEF_log1p.OPTOTVY1.,M1,log1p(OPTOTVY1),0.05672448386434329,0.04916655446429459,-0.040089119130633226,0.1535380868593198,0.24981206044744036,1.058364173814766,0.9607038182480713,1.165952193733629,261,TRUE
M1_COEF_log1p.OBTOTVY1.,M1,log1p(OBTOTVY1),0.12204610488226987,0.04479746909943294,0.03383564482813248,0.21025656493640726,0.006936758326428961,1.1298061901609302,1.034414581369924,1.2339946190969944,261,TRUE
M1_COEF_physical_health_3good,M1,physical_health_3good,0.2814373274564489,0.11602688518406763,0.05296939999344988,0.5099052549194479,0.016053034896420848,1.3250329505339045,1.0543973800589665,1.665133424271594,261,TRUE
M1_COEF_physical_health_3fair_poor,M1,physical_health_3fair_poor,0.7721500569611153,0.11362177839135645,0.5484180125944019,0.9958821013278286,9.144896872595496e-11,2.1644148698571395,1.7305132011715754,2.707111234798506,261,TRUE
M1_COEF_mental_health_3good,M1,mental_health_3good,-0.09019499449881521,0.10743622263049059,-0.3017470936515387,0.12135710465390825,0.40204861830975847,0.9137529910918116,0.7395250718264256,1.1290280215478654,261,TRUE
M1_COEF_mental_health_3fair_poor,M1,mental_health_3fair_poor,0.09290025194922313,0.14216706946361482,-0.1870401744641234,0.3728406783625697,0.5141135889580335,1.0973522710586983,0.8294104145971211,1.4518530098064948,261,TRUE
M1_COEF_walk_limitationyes,M1,walk_limitationyes,0.1224605080883764,0.09456657101156456,-0.06375002796125849,0.3086710441380113,0.1966303081129253,1.130274482492632,0.9382395038613536,1.3616143857898892,261,TRUE
M1_COEF_cancer_y1yes,M1,cancer_y1yes,-0.03366733968371648,0.08684086029452949,-0.20466521952096128,0.1373305401535283,0.6986039459204436,0.9668930981076771,0.8149200900873537,1.1472072839289669,261,TRUE
M1_COEF_surgery_inpatient,M1,surgery_inpatient,-0.15685963341666448,0.13343965752962142,-0.4196149590362416,0.10589569220291262,0.24100619907540147,0.8548240391266003,0.6572998584677899,1.1117059108640044,261,TRUE
M1_COEF_surgery_emergency_room,M1,surgery_emergency_room,-0.11365277409933841,0.13918874276667853,-0.3877285931272736,0.1604230449285968,0.41503791601992435,0.8925678247488968,0.6785964940253691,1.174007423839113,261,TRUE
M1_COEF_surgery_outpatient,M1,surgery_outpatient,-0.12511075845841826,0.10412732482316167,-0.33014732439633554,0.07992580747949898,0.230786431323008,0.8823991640008936,0.7188178262284359,1.083206698858401,261,TRUE
M1_COEF_surgery_office_based,M1,surgery_office_based,-0.12110272327918474,0.12663108963451067,-0.37045133377821604,0.1282458872198466,0.3399032166167786,0.8859429479536642,0.690422649243626,1.1368325009162137,261,TRUE
M1_COEF_log1p.surgical_event_count.,M1,log1p(surgical_event_count),0.18024951787758978,0.10357224194886208,-0.02369403730113795,0.3841930730563175,0.08313917292352241,1.1975161275292503,0.9765844624697897,1.4684289283754741,261,TRUE
M1_COEF_PANEL23,M1,PANEL23,0.047924793870790516,0.09118007564788518,-0.13161741202522992,0.22746699976681095,0.5996683581457896,1.0490917542275635,0.8766763367506437,1.2554160100494565,261,TRUE
M1_COEF_PANEL25,M1,PANEL25,-0.10890981869231309,0.11595177643865091,-0.3372298499209826,0.11941021253635642,0.3485783963926117,0.8968112894664432,0.7137447668690889,1.1268320641319383,261,TRUE
M1_COEF_PANEL26,M1,PANEL26,0.021377092739160847,0.11998521678673965,-0.21488516459866916,0.25763935007699085,0.8587506990580905,1.021607219675743,0.8066340650055025,1.293872099595103,261,TRUE
M2_COEF_X.Intercept.,M2,(Intercept),-2.305258886397078,0.2550994035870709,-2.807573776106694,-1.802943996687462,6.929720381397326e-17,0.09973297779987758,0.06035124052702999,0.16481296447213847,261,TRUE
M2_COEF_opioid_binaryany_opioid,M2,opioid_binaryany_opioid,-0.07157937057849348,0.12982170956034658,-0.32721061393991224,0.1840518727829253,0.581919885563027,0.9309223868141496,0.7209318887303586,1.202078176619377,261,TRUE
M2_COEF_ns.AGEY1X..3.1,M2,"ns(AGEY1X, 3)1",-0.018770138643983504,0.1527502030782195,-0.31954975762168186,0.2820094803337148,0.9023088944594801,0.9814049233844083,0.7264760537560164,1.325791288871068,261,TRUE
M2_COEF_ns.AGEY1X..3.2,M2,"ns(AGEY1X, 3)2",0.09464966123809729,0.5494452378857716,-0.9872600578328933,1.176559380309088,0.8633820898062639,1.0992736694809535,0.3725961857065257,3.2431963792724257,261,TRUE
M2_COEF_ns.AGEY1X..3.3,M2,"ns(AGEY1X, 3)3",0.6058213221372227,0.15139464889719553,0.307710917745532,0.9039317265289135,8.497665381618084e-5,1.8327568746868514,1.3603076912780372,2.4692926337541086,261,TRUE
M2_COEF_sexfemale,M2,sexfemale,-0.08427290657970876,0.08962497272834115,-0.2607529675215124,0.09220715436209487,0.34806279793691786,0.9191803714913331,0.7704712275249329,1.096591962361896,261,TRUE
M2_COEF_race_modelhispanic,M2,race_modelhispanic,0.15064505735122433,0.1496693895043504,-0.14406814787241082,0.44535826257485944,0.3152284022956942,1.1625839342184672,0.8658287416620313,1.5610493612263046,261,TRUE
M2_COEF_race_modelnon_hispanic_black,M2,race_modelnon_hispanic_black,0.16730966961830912,0.11411135474055842,-0.057386396954633656,0.3920057361912519,0.14396656342227532,1.1821202753688078,0.9442291516008521,1.4799462006323898,261,TRUE
M2_COEF_race_modelnon_hispanic_asian_other_multiple,M2,race_modelnon_hispanic_asian_other_multiple,0.2173767428497678,0.17489511485149967,-0.1270083050650768,0.5617617907646124,0.21517660796853708,1.2428122345724324,0.8807263580770646,1.7537595374973096,261,TRUE
M2_COEF_regionmidwest,M2,regionmidwest,0.17788762706796185,0.12821403358072433,-0.07457795000401335,0.43035320413993705,0.16666024632992404,1.194691062753831,0.9281351231025705,1.5378005851699088,261,TRUE
M2_COEF_regionsouth,M2,regionsouth,0.09287445313115907,0.0912344363650091,-0.08677479416614521,0.27252370042846336,0.3097637032777482,1.0973239610322894,0.9168835599104572,1.313274583713975,261,TRUE
M2_COEF_regionwest,M2,regionwest,-0.10206540617250941,0.12773577847482112,-0.35358925363870436,0.14945844129368552,0.4250978534591462,0.9029704898937626,0.702163319159993,1.161205211622849,261,TRUE
M2_COEF_poverty_2below_200_fpl,M2,poverty_2below_200_fpl,0.24446890267599403,0.10358677094726476,0.04049673852316596,0.4484410668288221,0.01911293035788152,1.2769429520981799,1.0413279134301128,1.56586919632463,261,TRUE
M2_COEF_insurance_modelno_private,M2,insurance_modelno_private,0.0725311106770941,0.0932153399531747,-0.11101872342450335,0.25608094477869153,0.43731163645036797,1.0752262565866904,0.8949219927677972,1.2918572928103242,261,TRUE
M2_COEF_log1p.ERTOTY1.,M2,log1p(ERTOTY1),0.8120013331189595,0.08935347520581949,0.6360558765163438,0.9879467897215752,4.918048690905298e-17,2.2524113041947205,1.8890156560911575,2.6857144708700806,261,TRUE
M2_COEF_log1p.IPDISY1.,M2,log1p(IPDISY1),0.08402031624883143,0.13627819154305382,-0.18432435172060974,0.3523649842182726,0.5381536952736159,1.08765099057253,0.831666007774036,1.4224275926097765,261,TRUE
M2_COEF_log1p.OPTOTVY1.,M2,log1p(OPTOTVY1),0.05601980926734059,0.04935759126742126,-0.04116996328877053,0.1532095818234517,0.2575708548758091,1.057618634179373,0.9596660080949712,1.1655692354717089,261,TRUE
M2_COEF_log1p.OBTOTVY1.,M2,log1p(OBTOTVY1),0.12186228433938427,0.04478510255793212,0.0336761751768708,0.21004839350189775,0.00700744585026476,1.1295985276606009,1.0342496367895497,1.2337377634028968,261,TRUE
M2_COEF_physical_health_3good,M2,physical_health_3good,0.2816104133214155,0.11606767867808501,0.05306215960457164,0.5101586670382594,0.01602892152340399,1.3252623148575455,1.0544951900862487,1.6655554427307802,261,TRUE
M2_COEF_physical_health_3fair_poor,M2,physical_health_3fair_poor,0.7732914311810173,0.11390464569943941,0.5490023942903538,0.9975804680716808,9.592971263941829e-11,2.166886687556923,1.7315247769553412,2.7117128089657796,261,TRUE
M2_COEF_mental_health_3good,M2,mental_health_3good,-0.09063773587489163,0.10725788706318776,-0.30183867540292997,0.12056320365314674,0.3989677610576067,0.9133485243788232,0.7394573479263339,1.1281320407787454,261,TRUE
M2_COEF_mental_health_3fair_poor,M2,mental_health_3fair_poor,0.09197950013901106,0.14295141983023982,-0.1895053864430573,0.37346438672107946,0.5205877170851204,1.0963423469847402,0.827368260313432,1.4527588251169645,261,TRUE
M2_COEF_walk_limitationyes,M2,walk_limitationyes,0.12410656490557023,0.09370767496726708,-0.06041272347473778,0.3086258532858782,0.18669006356980566,1.1321365105914314,0.9413759254529285,1.361552854665851,261,TRUE
M2_COEF_cancer_y1yes,M2,cancer_y1yes,-0.032764748497999374,0.08683783786622641,-0.20375667688761875,0.13822717989162,0.7062929848011523,0.9677662012638919,0.8156608161716262,1.1482363768614285,261,TRUE
M2_COEF_surgery_inpatient,M2,surgery_inpatient,-0.15592408625705942,0.13391584925390157,-0.4196170784885491,0.10776890597443026,0.245496295078371,0.8556241415367786,0.6572984653535645,1.1137903253535708,261,TRUE
M2_COEF_surgery_emergency_room,M2,surgery_emergency_room,-0.11157710762856143,0.13778459978060362,-0.3828880361108157,0.1597338208536928,0.41889937814256617,0.8944224219523778,0.6818892419836236,1.1731985484387066,261,TRUE
M2_COEF_surgery_outpatient,M2,surgery_outpatient,-0.12477144370433299,0.104189535719774,-0.3299305087905475,0.08038762138188152,0.23233308794121277,0.8826986258592718,0.7189736940475582,1.083707054297744,261,TRUE
M2_COEF_surgery_office_based,M2,surgery_office_based,-0.12234919366408385,0.12671567288029695,-0.3718643565861353,0.12716596925796758,0.3352923911202159,0.8848393342601117,0.6894477552290884,1.1356054777402584,261,TRUE
M2_COEF_log1p.surgical_event_count.,M2,log1p(surgical_event_count),0.18036455531282916,0.10354577284151219,-0.023526879686265795,0.38425599031192414,0.08287172029585059,1.1976538946372546,0.9767477196437171,1.4685213208002093,261,TRUE
M2_COEF_PANEL23,M2,PANEL23,0.0486287782315773,0.09063821034531813,-0.12984644355601682,0.22710400001917141,0.5921233408012954,1.049830558438363,0.8782302784855026,1.2549603770569597,261,TRUE
M2_COEF_PANEL25,M2,PANEL25,-0.10881381535946552,0.11590436689115835,-0.33704049269829817,0.11941286197936715,0.3488102029369703,0.8968973904720929,0.713879932392729,1.1268350496132298,261,TRUE
M2_COEF_PANEL26,M2,PANEL26,0.02190424687787728,0.11959842953815737,-0.21359638972944256,0.25740488348519713,0.8548437226775929,1.022145906122658,0.8076743048906733,1.2935687653759538,261,TRUE
M2_COEF_opioid_binaryany_opioid.poverty_2below_200_fpl,M2,opioid_binaryany_opioid:poverty_2below_200_fpl,0.10658610803025165,0.19985305155448185,-0.28694348136941467,0.5001156974299179,0.5943276514581901,1.1124737152418593,0.7505541479309433,1.6489120345490298,261,TRUE
M3_COEF_X.Intercept.,M3,(Intercept),-2.8091241062670913,0.30963050212713994,-3.4188158944081835,-2.199432318125999,5.3254538813741495e-17,0.06025774866897302,0.03275119285835899,0.11086607716416019,261,TRUE
M3_COEF_opioid_binaryany_opioid,M3,opioid_binaryany_opioid,-0.13437790633912125,0.1338562946931756,-0.39795362999929274,0.12919781732105026,0.3164833440383336,0.8742596139174252,0.6716931733528148,1.1379152012396172,261,TRUE
M3_COEF_ns.AGEY1X..3.1,M3,"ns(AGEY1X, 3)1",-0.03185185526251829,0.181509215399452,-0.3892606936706205,0.32555698314558396,0.8608542030502632,0.9686500718609146,0.6775576120072285,1.3848017424474675,261,TRUE
M3_COEF_ns.AGEY1X..3.2,M3,"ns(AGEY1X, 3)2",0.14040874126089686,0.6191248020505751,-1.078706639980569,1.3595241225023629,0.8207917060353296,1.1507440593210292,0.3400350290774039,3.8943396321712584,261,TRUE
M3_COEF_ns.AGEY1X..3.3,M3,"ns(AGEY1X, 3)3",0.8556909484757412,0.19816202452623413,0.4654911514756103,1.245890745475872,2.3400890319478992e-5,2.3529996205329344,1.5927963010572164,3.4760296784674956,261,TRUE
M3_COEF_sexfemale,M3,sexfemale,-0.048229501921226325,0.0989604993793669,-0.24309209913772023,0.14663309529526758,0.6264666086213704,0.9529150661415823,0.7841992863674915,1.1579290354698015,261,TRUE
M3_COEF_race_modelhispanic,M3,race_modelhispanic,0.19755560160156035,0.18278734328350277,-0.1623699916796775,0.5574811948827982,0.28092038095890765,1.218420809234645,0.8501266065734021,1.7462684462491613,261,TRUE
M3_COEF_race_modelnon_hispanic_black,M3,race_modelnon_hispanic_black,0.2945715461659789,0.15380933750245138,-0.008293608818525922,0.5974367011504838,0.05671075372345359,1.342551014311376,0.9917406882740409,1.8174541463710194,261,TRUE
M3_COEF_race_modelnon_hispanic_asian_other_multiple,M3,race_modelnon_hispanic_asian_other_multiple,0.17010316348505305,0.26654508613036476,-0.35474935933362506,0.6949556863037312,0.5239928189476788,1.1854271378073196,0.7013492078135813,2.003620284153178,261,TRUE
M3_COEF_regionmidwest,M3,regionmidwest,0.3654120415311956,0.15043397928969504,0.06919328659518181,0.6616307964672095,0.01590577962644467,1.4411076820475952,1.0716433234207285,1.937950161092211,261,TRUE
M3_COEF_regionsouth,M3,regionsouth,0.2912816414042767,0.13438124221790684,0.026672246342757833,0.5558910364657956,0.03121752677806034,1.3381414069080333,1.0270311343839609,1.7434938094217278,261,TRUE
M3_COEF_regionwest,M3,regionwest,0.03508634219565843,0.14271101373691716,-0.24592516201642073,0.3160978464077376,0.8060130504751599,1.0357091303395187,0.7819807445978263,1.3717644712854529,261,TRUE
M3_COEF_poverty_2below_200_fpl,M3,poverty_2below_200_fpl,0.2687042935278238,0.11608204245922998,0.040127756165310086,0.4972808308903376,0.02150666185161429,1.3082682204616927,1.0409437526799423,1.64424420845365,261,TRUE
M3_COEF_insurance_modelno_private,M3,insurance_modelno_private,0.08220930050152578,0.11047111748729424,-0.1353187941017526,0.2997373951048041,0.45753318892847794,1.0856830200517078,0.8734374206017973,1.3495043745852664,261,TRUE
M3_COEF_log1p.ERTOTY1.,M3,log1p(ERTOTY1),0.8146954132391965,0.10493943651578616,0.6080597224519994,1.0213311040263937,2.699266585115436e-13,2.258487662134295,1.8368639131352997,2.7768886325968785,261,TRUE
M3_COEF_log1p.IPDISY1.,M3,log1p(IPDISY1),0.349107700341991,0.21006502748170167,-0.06453023697800991,0.7627456376619919,0.0978945276935059,1.4178018798668186,0.9375077664317578,2.144155219326609,261,TRUE
M3_COEF_log1p.OPTOTVY1.,M3,log1p(OPTOTVY1),0.12721711827290852,0.06744565460298046,-0.005589764365393601,0.26002400091121064,0.060525746620699705,1.1356635643273296,0.9944258292989379,1.2969612145431755,261,TRUE
M3_COEF_log1p.OBTOTVY1.,M3,log1p(OBTOTVY1),0.20210221274134924,0.05678512738757892,0.0902869179984027,0.31391750748429575,4.5203463901515977e-4,1.223973107364522,1.094488267042176,1.3687768180468158,261,TRUE
M3_COEF_physical_health_3good,M3,physical_health_3good,0.22203903798787145,0.13118358317129014,-0.03627386351566858,0.4803519394914115,0.09188906545544466,1.2486201205299907,0.964376149872294,1.61664326269245,261,TRUE
M3_COEF_physical_health_3fair_poor,M3,physical_health_3fair_poor,0.803715823260064,0.14421488204555302,0.5197430598957957,1.0876885866243322,6.978517001542462e-8,2.233826028691868,1.6815955248567767,2.9674072347964207,261,TRUE
M3_COEF_mental_health_3good,M3,mental_health_3good,-0.16314176221386054,0.12251504491466939,-0.4043854907711306,0.07810196634340952,0.18430790002807187,0.8494707570233562,0.667386800222411,1.081232902414845,261,TRUE
M3_COEF_mental_health_3fair_poor,M3,mental_health_3fair_poor,-0.01687873198410036,0.18695064294467661,-0.38500225666276233,0.35124479269456166,0.9281397683338056,0.9832629157482037,0.6804491006587079,1.420835093396029,261,TRUE
M3_COEF_walk_limitationyes,M3,walk_limitationyes,0.15704697780491636,0.11686777338234515,-0.07307673817282026,0.387170693782653,0.1803370404944056,1.1700505790176765,0.9295294968936665,1.4728078689644952,261,TRUE
M3_COEF_cancer_y1yes,M3,cancer_y1yes,0.020754036877043643,0.11138368136381606,-0.19857098244084537,0.24007905619493264,0.8523508153189985,1.0209708995608167,0.8199015700601203,1.2713496544147238,261,TRUE
M3_COEF_surgery_inpatient,M3,surgery_inpatient,-0.3080763798482466,0.1945060999195898,-0.6910773149939381,0.0749245552974449,0.11459262710883812,0.7348591874322549,0.5010360046082527,1.077802833303008,261,TRUE
M3_COEF_surgery_emergency_room,M3,surgery_emergency_room,0.13541868290508327,0.2060043976816551,-0.2702234896993574,0.5410608555095239,0.5116079033131966,1.1450160826671654,0.7632089059462523,1.7178282634699629,261,TRUE
M3_COEF_surgery_outpatient,M3,surgery_outpatient,-0.1709987862848686,0.13675565682549842,-0.4402836286228848,0.09828605605314761,0.21242539207135155,0.8428225964175375,0.643853779822311,1.1032783394205434,261,TRUE
M3_COEF_surgery_office_based,M3,surgery_office_based,-0.2655846439005195,0.14394319532273514,-0.5490224303722948,0.01785314257125581,0.06631360194692204,0.766757538789965,0.5775140947605227,1.0180134625719148,261,TRUE
M3_COEF_log1p.surgical_event_count.,M3,log1p(surgical_event_count),0.2625733136241869,0.12855486598525706,0.009436605262663655,0.5157100219857101,0.04224257774952133,1.3002717923116915,1.009481270407332,1.6748272438965093,261,TRUE
M3_COEF_PANEL23,M3,PANEL23,0.09093572181455352,0.10373394704199286,-0.11332624600990877,0.2951976896390158,0.38160528392522297,1.0951986056168366,0.8928593208036335,1.343391907098498,261,TRUE
M3_COEF_PANEL25,M3,PANEL25,-0.1814639291663534,0.13329879679242124,-0.44394188665148493,0.08101402831877813,0.17474092063486377,0.8340483295794434,0.6415026996140678,1.0843861085740703,261,TRUE
M3_COEF_PANEL26,M3,PANEL26,0.0030163841250495193,0.14277700144643599,-0.2781250561376948,0.2841578243877938,0.9831630296369007,1.0030209379892279,0.7572021228201983,1.3286426064123469,261,TRUE
