key,source_key,issue,pass
RELIABILITY_DESC_AGEY1X_MEAN,RELIABILITY_DESC_AGEY1X_MEAN,none,TRUE
RELIABILITY_DESC_SEX_MALE,RELIABILITY_DESC_SEX_MALE,none,TRUE
RELIABILITY_DESC_SEX_FEMALE,RELIABILITY_DESC_SEX_FEMALE,none,TRUE
RELIABILITY_DESC_RACE_ETHNICITY_HISPANIC,RELIABILITY_DESC_RACE_ETHNICITY_HISPANIC,none,TRUE
RELIABILITY_DESC_RACE_ETHNICITY_NON_HISPANIC_WHITE,RELIABILITY_DESC_RACE_ETHNICITY_NON_HISPANIC_WHITE,none,TRUE
RELIABILITY_DESC_RACE_ETHNICITY_NON_HISPANIC_BLACK,RELIABILITY_DESC_RACE_ETHNICITY_NON_HISPANIC_BLACK,none,TRUE
RELIABILITY_DESC_RACE_ETHNICITY_NON_HISPANIC_ASIAN,RELIABILITY_DESC_RACE_ETHNICITY_NON_HISPANIC_ASIAN,none,TRUE
RELIABILITY_DESC_RACE_ETHNICITY_NON_HISPANIC_OTHER_MULTIPLE,RELIABILITY_DESC_RACE_ETHNICITY_NON_HISPANIC_OTHER_MULTIPLE,none,TRUE
RELIABILITY_DESC_REGION_NORTHEAST,RELIABILITY_DESC_REGION_NORTHEAST,none,TRUE
RELIABILITY_DESC_REGION_MIDWEST,RELIABILITY_DESC_REGION_MIDWEST,none,TRUE
RELIABILITY_DESC_REGION_SOUTH,RELIABILITY_DESC_REGION_SOUTH,none,TRUE
RELIABILITY_DESC_REGION_WEST,RELIABILITY_DESC_REGION_WEST,none,TRUE
RELIABILITY_DESC_POVERTY_2_X200_PLUS_FPL,RELIABILITY_DESC_POVERTY_2_X200_PLUS_FPL,none,TRUE
RELIABILITY_DESC_POVERTY_2_BELOW_200_FPL,RELIABILITY_DESC_POVERTY_2_BELOW_200_FPL,none,TRUE
RELIABILITY_DESC_INSURANCE_ANY_PRIVATE,RELIABILITY_DESC_INSURANCE_ANY_PRIVATE,none,TRUE
RELIABILITY_DESC_INSURANCE_PUBLIC_ONLY,RELIABILITY_DESC_INSURANCE_PUBLIC_ONLY,none,TRUE
RELIABILITY_DESC_INSURANCE_UNINSURED,RELIABILITY_DESC_INSURANCE_UNINSURED,none,TRUE
RELIABILITY_DESC_ERTOTY1_MEAN,RELIABILITY_DESC_ERTOTY1_MEAN,none,TRUE
RELIABILITY_DESC_IPDISY1_MEAN,RELIABILITY_DESC_IPDISY1_MEAN,none,TRUE
RELIABILITY_DESC_OPTOTVY1_MEAN,RELIABILITY_DESC_OPTOTVY1_MEAN,none,TRUE
RELIABILITY_DESC_OBTOTVY1_MEAN,RELIABILITY_DESC_OBTOTVY1_MEAN,none,TRUE
RELIABILITY_DESC_PHYSICAL_HEALTH_3_EXCELLENT_VERY_GOOD,RELIABILITY_DESC_PHYSICAL_HEALTH_3_EXCELLENT_VERY_GOOD,none,TRUE
RELIABILITY_DESC_PHYSICAL_HEALTH_3_GOOD,RELIABILITY_DESC_PHYSICAL_HEALTH_3_GOOD,none,TRUE
RELIABILITY_DESC_PHYSICAL_HEALTH_3_FAIR_POOR,RELIABILITY_DESC_PHYSICAL_HEALTH_3_FAIR_POOR,none,TRUE
RELIABILITY_DESC_MENTAL_HEALTH_3_EXCELLENT_VERY_GOOD,RELIABILITY_DESC_MENTAL_HEALTH_3_EXCELLENT_VERY_GOOD,none,TRUE
RELIABILITY_DESC_MENTAL_HEALTH_3_GOOD,RELIABILITY_DESC_MENTAL_HEALTH_3_GOOD,none,TRUE
RELIABILITY_DESC_MENTAL_HEALTH_3_FAIR_POOR,RELIABILITY_DESC_MENTAL_HEALTH_3_FAIR_POOR,none,TRUE
RELIABILITY_DESC_WALK_LIMITATION_NO,RELIABILITY_DESC_WALK_LIMITATION_NO,none,TRUE
RELIABILITY_DESC_WALK_LIMITATION_YES,RELIABILITY_DESC_WALK_LIMITATION_YES,none,TRUE
RELIABILITY_DESC_CANCER_Y1_NO,RELIABILITY_DESC_CANCER_Y1_NO,none,TRUE
RELIABILITY_DESC_CANCER_Y1_YES,RELIABILITY_DESC_CANCER_Y1_YES,none,TRUE
RELIABILITY_DESC_HIGHEST_SURGERY_SETTING_OFFICE_BASED,RELIABILITY_DESC_HIGHEST_SURGERY_SETTING_OFFICE_BASED,none,TRUE
RELIABILITY_DESC_HIGHEST_SURGERY_SETTING_OUTPATIENT,RELIABILITY_DESC_HIGHEST_SURGERY_SETTING_OUTPATIENT,none,TRUE
RELIABILITY_DESC_HIGHEST_SURGERY_SETTING_EMERGENCY_ROOM,RELIABILITY_DESC_HIGHEST_SURGERY_SETTING_EMERGENCY_ROOM,none,TRUE
RELIABILITY_DESC_HIGHEST_SURGERY_SETTING_INPATIENT,RELIABILITY_DESC_HIGHEST_SURGERY_SETTING_INPATIENT,none,TRUE
RELIABILITY_DESC_PANEL_X22,RELIABILITY_DESC_PANEL_X22,none,TRUE
RELIABILITY_DESC_PANEL_X23,RELIABILITY_DESC_PANEL_X23,none,TRUE
RELIABILITY_DESC_PANEL_X25,RELIABILITY_DESC_PANEL_X25,none,TRUE
RELIABILITY_DESC_PANEL_X26,RELIABILITY_DESC_PANEL_X26,none,TRUE
RELIABILITY_DESC_SURGICAL_EVENT_COUNT_MEAN,RELIABILITY_DESC_SURGICAL_EVENT_COUNT_MEAN,none,TRUE
RELIABILITY_OUTCOME_NO_OPIOID_ED_COUNT,RELIABILITY_OUTCOME_NO_OPIOID_ED_COUNT,none,TRUE
RELIABILITY_OUTCOME_NO_OPIOID_ANY_ED,RELIABILITY_OUTCOME_NO_OPIOID_ANY_ED,none,TRUE
RELIABILITY_OUTCOME_ANY_OPIOID_ED_COUNT,RELIABILITY_OUTCOME_ANY_OPIOID_ED_COUNT,none,TRUE
RELIABILITY_OUTCOME_ANY_OPIOID_ANY_ED,RELIABILITY_OUTCOME_ANY_OPIOID_ANY_ED,none,TRUE
RELIABILITY_OUTCOME_200_PLUS_FPL_NO_OPIOID_ED_COUNT,RELIABILITY_OUTCOME_200_PLUS_FPL_NO_OPIOID_ED_COUNT,none,TRUE
RELIABILITY_OUTCOME_200_PLUS_FPL_ANY_OPIOID_ED_COUNT,RELIABILITY_OUTCOME_200_PLUS_FPL_ANY_OPIOID_ED_COUNT,none,TRUE
RELIABILITY_OUTCOME_BELOW_200_FPL_NO_OPIOID_ED_COUNT,RELIABILITY_OUTCOME_BELOW_200_FPL_NO_OPIOID_ED_COUNT,none,TRUE
RELIABILITY_OUTCOME_BELOW_200_FPL_ANY_OPIOID_ED_COUNT,RELIABILITY_OUTCOME_BELOW_200_FPL_ANY_OPIOID_ED_COUNT,none,TRUE
RELIABILITY_RELIABILITY_UNIVERSE_N,RELIABILITY_RELIABILITY_UNIVERSE_N,none,TRUE
RELIABILITY_RELIABILITY_ELIGIBLE_N,RELIABILITY_RELIABILITY_ELIGIBLE_N,none,TRUE
RELIABILITY_RELIABILITY_ANALYSIS_N,RELIABILITY_RELIABILITY_ANALYSIS_N,none,TRUE
RELIABILITY_RELIABILITY_COMPLETE_CASE_LOSS_PCT,RELIABILITY_RELIABILITY_COMPLETE_CASE_LOSS_PCT,none,TRUE
RELIABILITY_RELIABILITY_FULL_STRATA,RELIABILITY_RELIABILITY_FULL_STRATA,none,TRUE
RELIABILITY_RELIABILITY_FULL_PSU_UNITS,RELIABILITY_RELIABILITY_FULL_PSU_UNITS,none,TRUE
RELIABILITY_RELIABILITY_FULL_DESIGN_DF,RELIABILITY_RELIABILITY_FULL_DESIGN_DF,none,TRUE
RELIABILITY_RELIABILITY_ANALYSIS_DESIGN_DF,RELIABILITY_RELIABILITY_ANALYSIS_DESIGN_DF,none,TRUE
RELIABILITY_RELIABILITY_LONELY_STRATA,RELIABILITY_RELIABILITY_LONELY_STRATA,none,TRUE
RELIABILITY_M1_DIAG_DISPERSION,RELIABILITY_M1_DIAG_DISPERSION,none,TRUE
RELIABILITY_M1_DIAG_ZERO_PROPORTION_UNWEIGHTED,RELIABILITY_M1_DIAG_ZERO_PROPORTION_UNWEIGHTED,none,TRUE
RELIABILITY_M1_DIAG_ZERO_PROPORTION_WEIGHTED,RELIABILITY_M1_DIAG_ZERO_PROPORTION_WEIGHTED,none,TRUE
RELIABILITY_M1_DIAG_CONDITION_NUMBER,RELIABILITY_M1_DIAG_CONDITION_NUMBER,none,TRUE
RELIABILITY_M1_DIAG_PARAMETER_COUNT,RELIABILITY_M1_DIAG_PARAMETER_COUNT,none,TRUE
RELIABILITY_M1_DIAG_ED_POSITIVE_PER_PARAMETER,RELIABILITY_M1_DIAG_ED_POSITIVE_PER_PARAMETER,none,TRUE
RELIABILITY_M1_DIAG_WEIGHT_MAX_TO_MEDIAN,RELIABILITY_M1_DIAG_WEIGHT_MAX_TO_MEDIAN,none,TRUE
RELIABILITY_M1_DIAG_CONVERGED,RELIABILITY_M1_DIAG_CONVERGED,none,TRUE
RELIABILITY_M2_DIAG_CONVERGED,RELIABILITY_M2_DIAG_CONVERGED,none,TRUE
RELIABILITY_M3_DIAG_CONVERGED,RELIABILITY_M3_DIAG_CONVERGED,none,TRUE
RELIABILITY_M1_DIAG_MIN_LEVEL_N,RELIABILITY_M1_DIAG_MIN_LEVEL_N,none,TRUE
RELIABILITY_M1_DIAG_MIN_LEVEL_ED_POSITIVE,RELIABILITY_M1_DIAG_MIN_LEVEL_ED_POSITIVE,none,TRUE
RELIABILITY_M1_DIAG_CALIBRATION_OVERALL,RELIABILITY_M1_DIAG_CALIBRATION_OVERALL,none,TRUE
RELIABILITY_M1_DIAG_CALIBRATION_BY_EXPOSURE,RELIABILITY_M1_DIAG_CALIBRATION_BY_EXPOSURE,none,TRUE
RELIABILITY_M1_DIAG_CALIBRATION_PREDICTION_GROUPS,RELIABILITY_M1_DIAG_CALIBRATION_PREDICTION_GROUPS,none,TRUE
RELIABILITY_M1_DIAG_CALIBRATION_INTERCEPT,RELIABILITY_M1_DIAG_CALIBRATION_INTERCEPT,none,TRUE
RELIABILITY_M1_DIAG_CALIBRATION_SLOPE,RELIABILITY_M1_DIAG_CALIBRATION_SLOPE,none,TRUE
RELIABILITY_LEVEL_OPIOID_BINARY_NO_OPIOID,RELIABILITY_LEVEL_OPIOID_BINARY_NO_OPIOID,none,TRUE
RELIABILITY_LEVEL_OPIOID_BINARY_ANY_OPIOID,RELIABILITY_LEVEL_OPIOID_BINARY_ANY_OPIOID,none,TRUE
RELIABILITY_LEVEL_SEX_MALE,RELIABILITY_LEVEL_SEX_MALE,none,TRUE
RELIABILITY_LEVEL_SEX_FEMALE,RELIABILITY_LEVEL_SEX_FEMALE,none,TRUE
RELIABILITY_LEVEL_RACE_MODEL_NON_HISPANIC_WHITE,RELIABILITY_LEVEL_RACE_MODEL_NON_HISPANIC_WHITE,none,TRUE
RELIABILITY_LEVEL_RACE_MODEL_HISPANIC,RELIABILITY_LEVEL_RACE_MODEL_HISPANIC,none,TRUE
RELIABILITY_LEVEL_RACE_MODEL_NON_HISPANIC_BLACK,RELIABILITY_LEVEL_RACE_MODEL_NON_HISPANIC_BLACK,none,TRUE
RELIABILITY_LEVEL_RACE_MODEL_NON_HISPANIC_ASIAN_OTHER_MULTIPLE,RELIABILITY_LEVEL_RACE_MODEL_NON_HISPANIC_ASIAN_OTHER_MULTIPLE,none,TRUE
RELIABILITY_LEVEL_REGION_NORTHEAST,RELIABILITY_LEVEL_REGION_NORTHEAST,none,TRUE
RELIABILITY_LEVEL_REGION_MIDWEST,RELIABILITY_LEVEL_REGION_MIDWEST,none,TRUE
RELIABILITY_LEVEL_REGION_SOUTH,RELIABILITY_LEVEL_REGION_SOUTH,none,TRUE
RELIABILITY_LEVEL_REGION_WEST,RELIABILITY_LEVEL_REGION_WEST,none,TRUE
RELIABILITY_LEVEL_POVERTY_2_X200_PLUS_FPL,RELIABILITY_LEVEL_POVERTY_2_X200_PLUS_FPL,none,TRUE
RELIABILITY_LEVEL_POVERTY_2_BELOW_200_FPL,RELIABILITY_LEVEL_POVERTY_2_BELOW_200_FPL,none,TRUE
RELIABILITY_LEVEL_INSURANCE_MODEL_ANY_PRIVATE,RELIABILITY_LEVEL_INSURANCE_MODEL_ANY_PRIVATE,none,TRUE
RELIABILITY_LEVEL_INSURANCE_MODEL_NO_PRIVATE,RELIABILITY_LEVEL_INSURANCE_MODEL_NO_PRIVATE,none,TRUE
RELIABILITY_LEVEL_PHYSICAL_HEALTH_3_EXCELLENT_VERY_GOOD,RELIABILITY_LEVEL_PHYSICAL_HEALTH_3_EXCELLENT_VERY_GOOD,none,TRUE
RELIABILITY_LEVEL_PHYSICAL_HEALTH_3_GOOD,RELIABILITY_LEVEL_PHYSICAL_HEALTH_3_GOOD,none,TRUE
RELIABILITY_LEVEL_PHYSICAL_HEALTH_3_FAIR_POOR,RELIABILITY_LEVEL_PHYSICAL_HEALTH_3_FAIR_POOR,none,TRUE
RELIABILITY_LEVEL_MENTAL_HEALTH_3_EXCELLENT_VERY_GOOD,RELIABILITY_LEVEL_MENTAL_HEALTH_3_EXCELLENT_VERY_GOOD,none,TRUE
RELIABILITY_LEVEL_MENTAL_HEALTH_3_GOOD,RELIABILITY_LEVEL_MENTAL_HEALTH_3_GOOD,none,TRUE
RELIABILITY_LEVEL_MENTAL_HEALTH_3_FAIR_POOR,RELIABILITY_LEVEL_MENTAL_HEALTH_3_FAIR_POOR,none,TRUE
RELIABILITY_LEVEL_WALK_LIMITATION_NO,RELIABILITY_LEVEL_WALK_LIMITATION_NO,none,TRUE
RELIABILITY_LEVEL_WALK_LIMITATION_YES,RELIABILITY_LEVEL_WALK_LIMITATION_YES,none,TRUE
RELIABILITY_LEVEL_CANCER_Y1_NO,RELIABILITY_LEVEL_CANCER_Y1_NO,none,TRUE
RELIABILITY_LEVEL_CANCER_Y1_YES,RELIABILITY_LEVEL_CANCER_Y1_YES,none,TRUE
RELIABILITY_LEVEL_SURGERY_INPATIENT_X0,RELIABILITY_LEVEL_SURGERY_INPATIENT_X0,none,TRUE
RELIABILITY_LEVEL_SURGERY_INPATIENT_X1,RELIABILITY_LEVEL_SURGERY_INPATIENT_X1,none,TRUE
RELIABILITY_LEVEL_SURGERY_EMERGENCY_ROOM_X0,RELIABILITY_LEVEL_SURGERY_EMERGENCY_ROOM_X0,none,TRUE
RELIABILITY_LEVEL_SURGERY_EMERGENCY_ROOM_X1,RELIABILITY_LEVEL_SURGERY_EMERGENCY_ROOM_X1,none,TRUE
RELIABILITY_LEVEL_SURGERY_OUTPATIENT_X0,RELIABILITY_LEVEL_SURGERY_OUTPATIENT_X0,none,TRUE
RELIABILITY_LEVEL_SURGERY_OUTPATIENT_X1,RELIABILITY_LEVEL_SURGERY_OUTPATIENT_X1,none,TRUE
RELIABILITY_LEVEL_SURGERY_OFFICE_BASED_X0,RELIABILITY_LEVEL_SURGERY_OFFICE_BASED_X0,none,TRUE
RELIABILITY_LEVEL_SURGERY_OFFICE_BASED_X1,RELIABILITY_LEVEL_SURGERY_OFFICE_BASED_X1,none,TRUE
RELIABILITY_LEVEL_PANEL_X22,RELIABILITY_LEVEL_PANEL_X22,none,TRUE
RELIABILITY_LEVEL_PANEL_X23,RELIABILITY_LEVEL_PANEL_X23,none,TRUE
RELIABILITY_LEVEL_PANEL_X25,RELIABILITY_LEVEL_PANEL_X25,none,TRUE
RELIABILITY_LEVEL_PANEL_X26,RELIABILITY_LEVEL_PANEL_X26,none,TRUE
