key,file,row_number
DESC_AGEY1X_MEAN,descriptive_table.csv,1
DESC_CANCER_Y1_NO,descriptive_table.csv,2
DESC_CANCER_Y1_YES,descriptive_table.csv,3
DESC_ERTOTY1_MEAN,descriptive_table.csv,4
DESC_HIGHEST_SURGERY_SETTING_EMERGENCY_ROOM,descriptive_table.csv,5
DESC_HIGHEST_SURGERY_SETTING_INPATIENT,descriptive_table.csv,6
DESC_HIGHEST_SURGERY_SETTING_OFFICE_BASED,descriptive_table.csv,7
DESC_HIGHEST_SURGERY_SETTING_OUTPATIENT,descriptive_table.csv,8
DESC_INSURANCE_ANY_PRIVATE,descriptive_table.csv,9
DESC_INSURANCE_PUBLIC_ONLY,descriptive_table.csv,10
DESC_INSURANCE_UNINSURED,descriptive_table.csv,11
DESC_IPDISY1_MEAN,descriptive_table.csv,12
DESC_MENTAL_HEALTH_3_EXCELLENT_VERY_GOOD,descriptive_table.csv,13
DESC_MENTAL_HEALTH_3_FAIR_POOR,descriptive_table.csv,14
DESC_MENTAL_HEALTH_3_GOOD,descriptive_table.csv,15
DESC_OBTOTVY1_MEAN,descriptive_table.csv,16
DESC_OPTOTVY1_MEAN,descriptive_table.csv,17
DESC_PANEL_X22,descriptive_table.csv,18
DESC_PANEL_X23,descriptive_table.csv,19
DESC_PANEL_X25,descriptive_table.csv,20
DESC_PANEL_X26,descriptive_table.csv,21
DESC_PHYSICAL_HEALTH_3_EXCELLENT_VERY_GOOD,descriptive_table.csv,22
DESC_PHYSICAL_HEALTH_3_FAIR_POOR,descriptive_table.csv,23
DESC_PHYSICAL_HEALTH_3_GOOD,descriptive_table.csv,24
DESC_POVERTY_2_BELOW_200_FPL,descriptive_table.csv,25
DESC_POVERTY_2_X200_PLUS_FPL,descriptive_table.csv,26
DESC_RACE_ETHNICITY_HISPANIC,descriptive_table.csv,27
DESC_RACE_ETHNICITY_NON_HISPANIC_ASIAN,descriptive_table.csv,28
DESC_RACE_ETHNICITY_NON_HISPANIC_BLACK,descriptive_table.csv,29
DESC_RACE_ETHNICITY_NON_HISPANIC_OTHER_MULTIPLE,descriptive_table.csv,30
DESC_RACE_ETHNICITY_NON_HISPANIC_WHITE,descriptive_table.csv,31
DESC_REGION_MIDWEST,descriptive_table.csv,32
DESC_REGION_NORTHEAST,descriptive_table.csv,33
DESC_REGION_SOUTH,descriptive_table.csv,34
DESC_REGION_WEST,descriptive_table.csv,35
DESC_SEX_FEMALE,descriptive_table.csv,36
DESC_SEX_MALE,descriptive_table.csv,37
DESC_SURGICAL_EVENT_COUNT_MEAN,descriptive_table.csv,38
DESC_WALK_LIMITATION_NO,descriptive_table.csv,39
DESC_WALK_LIMITATION_YES,descriptive_table.csv,40
LEVEL_CANCER_Y1_NO,model_level_counts.csv,41
LEVEL_CANCER_Y1_YES,model_level_counts.csv,42
LEVEL_INSURANCE_MODEL_ANY_PRIVATE,model_level_counts.csv,43
LEVEL_INSURANCE_MODEL_NO_PRIVATE,model_level_counts.csv,44
LEVEL_MENTAL_HEALTH_3_EXCELLENT_VERY_GOOD,model_level_counts.csv,45
LEVEL_MENTAL_HEALTH_3_FAIR_POOR,model_level_counts.csv,46
LEVEL_MENTAL_HEALTH_3_GOOD,model_level_counts.csv,47
LEVEL_OPIOID_BINARY_ANY_OPIOID,model_level_counts.csv,48
LEVEL_OPIOID_BINARY_NO_OPIOID,model_level_counts.csv,49
LEVEL_PANEL_X22,model_level_counts.csv,50
LEVEL_PANEL_X23,model_level_counts.csv,51
LEVEL_PANEL_X25,model_level_counts.csv,52
LEVEL_PANEL_X26,model_level_counts.csv,53
LEVEL_PHYSICAL_HEALTH_3_EXCELLENT_VERY_GOOD,model_level_counts.csv,54
LEVEL_PHYSICAL_HEALTH_3_FAIR_POOR,model_level_counts.csv,55
LEVEL_PHYSICAL_HEALTH_3_GOOD,model_level_counts.csv,56
LEVEL_POVERTY_2_BELOW_200_FPL,model_level_counts.csv,57
LEVEL_POVERTY_2_X200_PLUS_FPL,model_level_counts.csv,58
LEVEL_RACE_MODEL_HISPANIC,model_level_counts.csv,59
LEVEL_RACE_MODEL_NON_HISPANIC_ASIAN_OTHER_MULTIPLE,model_level_counts.csv,60
LEVEL_RACE_MODEL_NON_HISPANIC_BLACK,model_level_counts.csv,61
LEVEL_RACE_MODEL_NON_HISPANIC_WHITE,model_level_counts.csv,62
LEVEL_REGION_MIDWEST,model_level_counts.csv,63
LEVEL_REGION_NORTHEAST,model_level_counts.csv,64
LEVEL_REGION_SOUTH,model_level_counts.csv,65
LEVEL_REGION_WEST,model_level_counts.csv,66
LEVEL_SEX_FEMALE,model_level_counts.csv,67
LEVEL_SEX_MALE,model_level_counts.csv,68
LEVEL_SURGERY_EMERGENCY_ROOM_X0,model_level_counts.csv,69
LEVEL_SURGERY_EMERGENCY_ROOM_X1,model_level_counts.csv,70
LEVEL_SURGERY_INPATIENT_X0,model_level_counts.csv,71
LEVEL_SURGERY_INPATIENT_X1,model_level_counts.csv,72
LEVEL_SURGERY_OFFICE_BASED_X0,model_level_counts.csv,73
LEVEL_SURGERY_OFFICE_BASED_X1,model_level_counts.csv,74
LEVEL_SURGERY_OUTPATIENT_X0,model_level_counts.csv,75
LEVEL_SURGERY_OUTPATIENT_X1,model_level_counts.csv,76
LEVEL_WALK_LIMITATION_NO,model_level_counts.csv,77
LEVEL_WALK_LIMITATION_YES,model_level_counts.csv,78
M1_CAL_ANY_OPIOID,model_calibration.csv,79
M1_CAL_NO_OPIOID,model_calibration.csv,80
M1_CAL_OVERALL,model_calibration.csv,81
M1_CAL_PREDICTION_GROUP_1,model_calibration.csv,82
M1_CAL_PREDICTION_GROUP_10,model_calibration.csv,83
M1_CAL_PREDICTION_GROUP_2,model_calibration.csv,84
M1_CAL_PREDICTION_GROUP_3,model_calibration.csv,85
M1_CAL_PREDICTION_GROUP_4,model_calibration.csv,86
M1_CAL_PREDICTION_GROUP_5,model_calibration.csv,87
M1_CAL_PREDICTION_GROUP_6,model_calibration.csv,88
M1_CAL_PREDICTION_GROUP_7,model_calibration.csv,89
M1_CAL_PREDICTION_GROUP_8,model_calibration.csv,90
M1_CAL_PREDICTION_GROUP_9,model_calibration.csv,91
M1_COEF_PANEL23,model_coefficients.csv,92
M1_COEF_PANEL25,model_coefficients.csv,93
M1_COEF_PANEL26,model_coefficients.csv,94
M1_COEF_X.Intercept.,model_coefficients.csv,95
M1_COEF_cancer_y1yes,model_coefficients.csv,96
M1_COEF_insurance_modelno_private,model_coefficients.csv,97
M1_COEF_log1p.ERTOTY1.,model_coefficients.csv,98
M1_COEF_log1p.IPDISY1.,model_coefficients.csv,99
M1_COEF_log1p.OBTOTVY1.,model_coefficients.csv,100
M1_COEF_log1p.OPTOTVY1.,model_coefficients.csv,101
M1_COEF_log1p.surgical_event_count.,model_coefficients.csv,102
M1_COEF_mental_health_3fair_poor,model_coefficients.csv,103
M1_COEF_mental_health_3good,model_coefficients.csv,104
M1_COEF_ns.AGEY1X..3.1,model_coefficients.csv,105
M1_COEF_ns.AGEY1X..3.2,model_coefficients.csv,106
M1_COEF_ns.AGEY1X..3.3,model_coefficients.csv,107
M1_COEF_opioid_binaryany_opioid,model_coefficients.csv,108
M1_COEF_physical_health_3fair_poor,model_coefficients.csv,109
M1_COEF_physical_health_3good,model_coefficients.csv,110
M1_COEF_poverty_2below_200_fpl,model_coefficients.csv,111
M1_COEF_race_modelhispanic,model_coefficients.csv,112
M1_COEF_race_modelnon_hispanic_asian_other_multiple,model_coefficients.csv,113
M1_COEF_race_modelnon_hispanic_black,model_coefficients.csv,114
M1_COEF_regionmidwest,model_coefficients.csv,115
M1_COEF_regionsouth,model_coefficients.csv,116
M1_COEF_regionwest,model_coefficients.csv,117
M1_COEF_sexfemale,model_coefficients.csv,118
M1_COEF_surgery_emergency_room,model_coefficients.csv,119
M1_COEF_surgery_inpatient,model_coefficients.csv,120
M1_COEF_surgery_office_based,model_coefficients.csv,121
M1_COEF_surgery_outpatient,model_coefficients.csv,122
M1_COEF_walk_limitationyes,model_coefficients.csv,123
M1_DIAG_CALIBRATION_BY_EXPOSURE,model_diagnostics.csv,124
M1_DIAG_CALIBRATION_INTERCEPT,model_diagnostics.csv,125
M1_DIAG_CALIBRATION_OVERALL,model_diagnostics.csv,126
M1_DIAG_CALIBRATION_PREDICTION_GROUPS,model_diagnostics.csv,127
M1_DIAG_CALIBRATION_SLOPE,model_diagnostics.csv,128
M1_DIAG_CONDITION_NUMBER,model_diagnostics.csv,129
M1_DIAG_CONVERGED,model_diagnostics.csv,130
M1_DIAG_DISPERSION,model_diagnostics.csv,131
M1_DIAG_ED_POSITIVE_PER_PARAMETER,model_diagnostics.csv,132
M1_DIAG_MIN_LEVEL_ED_POSITIVE,model_diagnostics.csv,133
M1_DIAG_MIN_LEVEL_N,model_diagnostics.csv,134
M1_DIAG_PARAMETER_COUNT,model_diagnostics.csv,135
M1_DIAG_WEIGHT_MAX_TO_MEDIAN,model_diagnostics.csv,136
M1_DIAG_ZERO_PROPORTION_UNWEIGHTED,model_diagnostics.csv,137
M1_DIAG_ZERO_PROPORTION_WEIGHTED,model_diagnostics.csv,138
M1_MARGIN_ANY_OPIOID_MEAN,standardized_results.csv,139
M1_MARGIN_DIFFERENCE,standardized_results.csv,140
M1_MARGIN_NO_OPIOID_MEAN,standardized_results.csv,141
M1_MARGIN_RATIO,standardized_results.csv,142
M2_200_PLUS_FPL_ANY_OPIOID_MEAN,interaction_results.csv,143
M2_200_PLUS_FPL_DIFFERENCE,interaction_results.csv,144
M2_200_PLUS_FPL_NO_OPIOID_MEAN,interaction_results.csv,145
M2_200_PLUS_FPL_RATIO,interaction_results.csv,146
M2_BELOW_200_FPL_ANY_OPIOID_MEAN,interaction_results.csv,147
M2_BELOW_200_FPL_DIFFERENCE,interaction_results.csv,148
M2_BELOW_200_FPL_NO_OPIOID_MEAN,interaction_results.csv,149
M2_BELOW_200_FPL_RATIO,interaction_results.csv,150
M2_COEF_PANEL23,model_coefficients.csv,151
M2_COEF_PANEL25,model_coefficients.csv,152
M2_COEF_PANEL26,model_coefficients.csv,153
M2_COEF_X.Intercept.,model_coefficients.csv,154
M2_COEF_cancer_y1yes,model_coefficients.csv,155
M2_COEF_insurance_modelno_private,model_coefficients.csv,156
M2_COEF_log1p.ERTOTY1.,model_coefficients.csv,157
M2_COEF_log1p.IPDISY1.,model_coefficients.csv,158
M2_COEF_log1p.OBTOTVY1.,model_coefficients.csv,159
M2_COEF_log1p.OPTOTVY1.,model_coefficients.csv,160
M2_COEF_log1p.surgical_event_count.,model_coefficients.csv,161
M2_COEF_mental_health_3fair_poor,model_coefficients.csv,162
M2_COEF_mental_health_3good,model_coefficients.csv,163
M2_COEF_ns.AGEY1X..3.1,model_coefficients.csv,164
M2_COEF_ns.AGEY1X..3.2,model_coefficients.csv,165
M2_COEF_ns.AGEY1X..3.3,model_coefficients.csv,166
M2_COEF_opioid_binaryany_opioid,model_coefficients.csv,167
M2_COEF_opioid_binaryany_opioid.poverty_2below_200_fpl,model_coefficients.csv,168
M2_COEF_physical_health_3fair_poor,model_coefficients.csv,169
M2_COEF_physical_health_3good,model_coefficients.csv,170
M2_COEF_poverty_2below_200_fpl,model_coefficients.csv,171
M2_COEF_race_modelhispanic,model_coefficients.csv,172
M2_COEF_race_modelnon_hispanic_asian_other_multiple,model_coefficients.csv,173
M2_COEF_race_modelnon_hispanic_black,model_coefficients.csv,174
M2_COEF_regionmidwest,model_coefficients.csv,175
M2_COEF_regionsouth,model_coefficients.csv,176
M2_COEF_regionwest,model_coefficients.csv,177
M2_COEF_sexfemale,model_coefficients.csv,178
M2_COEF_surgery_emergency_room,model_coefficients.csv,179
M2_COEF_surgery_inpatient,model_coefficients.csv,180
M2_COEF_surgery_office_based,model_coefficients.csv,181
M2_COEF_surgery_outpatient,model_coefficients.csv,182
M2_COEF_walk_limitationyes,model_coefficients.csv,183
M2_DIAG_CONVERGED,model_diagnostics.csv,184
M2_INT_RATIO_OF_RATIOS,interaction_results.csv,185
M2_INT_WALD,interaction_results.csv,186
M3_ANYED_ANY_OPIOID_MEAN,standardized_results.csv,187
M3_ANYED_DIFFERENCE,standardized_results.csv,188
M3_ANYED_NO_OPIOID_MEAN,standardized_results.csv,189
M3_ANYED_RATIO,standardized_results.csv,190
M3_COEF_PANEL23,model_coefficients.csv,191
M3_COEF_PANEL25,model_coefficients.csv,192
M3_COEF_PANEL26,model_coefficients.csv,193
M3_COEF_X.Intercept.,model_coefficients.csv,194
M3_COEF_cancer_y1yes,model_coefficients.csv,195
M3_COEF_insurance_modelno_private,model_coefficients.csv,196
M3_COEF_log1p.ERTOTY1.,model_coefficients.csv,197
M3_COEF_log1p.IPDISY1.,model_coefficients.csv,198
M3_COEF_log1p.OBTOTVY1.,model_coefficients.csv,199
M3_COEF_log1p.OPTOTVY1.,model_coefficients.csv,200
M3_COEF_log1p.surgical_event_count.,model_coefficients.csv,201
M3_COEF_mental_health_3fair_poor,model_coefficients.csv,202
M3_COEF_mental_health_3good,model_coefficients.csv,203
M3_COEF_ns.AGEY1X..3.1,model_coefficients.csv,204
M3_COEF_ns.AGEY1X..3.2,model_coefficients.csv,205
M3_COEF_ns.AGEY1X..3.3,model_coefficients.csv,206
M3_COEF_opioid_binaryany_opioid,model_coefficients.csv,207
M3_COEF_physical_health_3fair_poor,model_coefficients.csv,208
M3_COEF_physical_health_3good,model_coefficients.csv,209
M3_COEF_poverty_2below_200_fpl,model_coefficients.csv,210
M3_COEF_race_modelhispanic,model_coefficients.csv,211
M3_COEF_race_modelnon_hispanic_asian_other_multiple,model_coefficients.csv,212
M3_COEF_race_modelnon_hispanic_black,model_coefficients.csv,213
M3_COEF_regionmidwest,model_coefficients.csv,214
M3_COEF_regionsouth,model_coefficients.csv,215
M3_COEF_regionwest,model_coefficients.csv,216
M3_COEF_sexfemale,model_coefficients.csv,217
M3_COEF_surgery_emergency_room,model_coefficients.csv,218
M3_COEF_surgery_inpatient,model_coefficients.csv,219
M3_COEF_surgery_office_based,model_coefficients.csv,220
M3_COEF_surgery_outpatient,model_coefficients.csv,221
M3_COEF_walk_limitationyes,model_coefficients.csv,222
M3_DIAG_CONVERGED,model_diagnostics.csv,223
MISS_AGEY1X,missingness.csv,224
MISS_CANCER_Y1,missingness.csv,225
MISS_ERTOTY1,missingness.csv,226
MISS_ERTOTY2,missingness.csv,227
MISS_INSURANCE_MODEL,missingness.csv,228
MISS_IPDISY1,missingness.csv,229
MISS_MENTAL_HEALTH_3,missingness.csv,230
MISS_OBTOTVY1,missingness.csv,231
MISS_OPIOID_BINARY,missingness.csv,232
MISS_OPTOTVY1,missingness.csv,233
MISS_PANEL,missingness.csv,234
MISS_PHYSICAL_HEALTH_3,missingness.csv,235
MISS_POVERTY_2,missingness.csv,236
MISS_RACE_MODEL,missingness.csv,237
MISS_REGION,missingness.csv,238
MISS_SEX,missingness.csv,239
MISS_SURGERY_EMERGENCY_ROOM,missingness.csv,240
MISS_SURGERY_INPATIENT,missingness.csv,241
MISS_SURGERY_OFFICE_BASED,missingness.csv,242
MISS_SURGERY_OUTPATIENT,missingness.csv,243
MISS_SURGICAL_EVENT_COUNT,missingness.csv,244
MISS_WALK_LIMITATION,missingness.csv,245
OUTCOME_200_PLUS_FPL_ANY_OPIOID_ED_COUNT,unadjusted_outcomes.csv,246
OUTCOME_200_PLUS_FPL_NO_OPIOID_ED_COUNT,unadjusted_outcomes.csv,247
OUTCOME_ANY_OPIOID_ANY_ED,unadjusted_outcomes.csv,248
OUTCOME_ANY_OPIOID_ED_COUNT,unadjusted_outcomes.csv,249
OUTCOME_BELOW_200_FPL_ANY_OPIOID_ED_COUNT,unadjusted_outcomes.csv,250
OUTCOME_BELOW_200_FPL_NO_OPIOID_ED_COUNT,unadjusted_outcomes.csv,251
OUTCOME_NO_OPIOID_ANY_ED,unadjusted_outcomes.csv,252
OUTCOME_NO_OPIOID_ED_COUNT,unadjusted_outcomes.csv,253
R3_N1_STRUCTURAL_DIFFERENCE,nested_adjustment_results.csv,254
R3_N1_STRUCTURAL_RATIO,nested_adjustment_results.csv,255
R3_N2_UTILIZATION_DIFFERENCE,nested_adjustment_results.csv,256
R3_N2_UTILIZATION_RATIO,nested_adjustment_results.csv,257
R3_N3_HEALTH_DIFFERENCE,nested_adjustment_results.csv,258
R3_N3_HEALTH_RATIO,nested_adjustment_results.csv,259
R3_N4_FULL_DIFFERENCE,nested_adjustment_results.csv,260
R3_N4_FULL_RATIO,nested_adjustment_results.csv,261
R4_EMERGENCY_ROOM_NOT_ESTIMATED,setting_stratified_results.csv,262
R4_INPATIENT_DIFFERENCE,setting_stratified_results.csv,263
R4_INPATIENT_RATIO,setting_stratified_results.csv,264
R4_OFFICE_BASED_DIFFERENCE,setting_stratified_results.csv,265
R4_OFFICE_BASED_RATIO,setting_stratified_results.csv,266
R4_OUTPATIENT_DIFFERENCE,setting_stratified_results.csv,267
R4_OUTPATIENT_RATIO,setting_stratified_results.csv,268
R4_SUPPORT_EMERGENCY_ROOM_ANY_OPIOID,setting_support.csv,269
R4_SUPPORT_EMERGENCY_ROOM_NO_OPIOID,setting_support.csv,270
R4_SUPPORT_INPATIENT_ANY_OPIOID,setting_support.csv,271
R4_SUPPORT_INPATIENT_NO_OPIOID,setting_support.csv,272
R4_SUPPORT_OFFICE_BASED_ANY_OPIOID,setting_support.csv,273
R4_SUPPORT_OFFICE_BASED_NO_OPIOID,setting_support.csv,274
R4_SUPPORT_OUTPATIENT_ANY_OPIOID,setting_support.csv,275
R4_SUPPORT_OUTPATIENT_NO_OPIOID,setting_support.csv,276
RELIABILITY_ANALYSIS_DESIGN_DF,model_diagnostics.csv,277
RELIABILITY_ANALYSIS_N,model_diagnostics.csv,278
RELIABILITY_COMPLETE_CASE_LOSS_PCT,model_diagnostics.csv,279
RELIABILITY_DESC_AGEY1X_MEAN,reliability_flags.csv,280
RELIABILITY_DESC_CANCER_Y1_NO,reliability_flags.csv,281
RELIABILITY_DESC_CANCER_Y1_YES,reliability_flags.csv,282
RELIABILITY_DESC_ERTOTY1_MEAN,reliability_flags.csv,283
RELIABILITY_DESC_HIGHEST_SURGERY_SETTING_EMERGENCY_ROOM,reliability_flags.csv,284
RELIABILITY_DESC_HIGHEST_SURGERY_SETTING_INPATIENT,reliability_flags.csv,285
RELIABILITY_DESC_HIGHEST_SURGERY_SETTING_OFFICE_BASED,reliability_flags.csv,286
RELIABILITY_DESC_HIGHEST_SURGERY_SETTING_OUTPATIENT,reliability_flags.csv,287
RELIABILITY_DESC_INSURANCE_ANY_PRIVATE,reliability_flags.csv,288
RELIABILITY_DESC_INSURANCE_PUBLIC_ONLY,reliability_flags.csv,289
RELIABILITY_DESC_INSURANCE_UNINSURED,reliability_flags.csv,290
RELIABILITY_DESC_IPDISY1_MEAN,reliability_flags.csv,291
RELIABILITY_DESC_MENTAL_HEALTH_3_EXCELLENT_VERY_GOOD,reliability_flags.csv,292
RELIABILITY_DESC_MENTAL_HEALTH_3_FAIR_POOR,reliability_flags.csv,293
RELIABILITY_DESC_MENTAL_HEALTH_3_GOOD,reliability_flags.csv,294
RELIABILITY_DESC_OBTOTVY1_MEAN,reliability_flags.csv,295
RELIABILITY_DESC_OPTOTVY1_MEAN,reliability_flags.csv,296
RELIABILITY_DESC_PANEL_X22,reliability_flags.csv,297
RELIABILITY_DESC_PANEL_X23,reliability_flags.csv,298
RELIABILITY_DESC_PANEL_X25,reliability_flags.csv,299
RELIABILITY_DESC_PANEL_X26,reliability_flags.csv,300
RELIABILITY_DESC_PHYSICAL_HEALTH_3_EXCELLENT_VERY_GOOD,reliability_flags.csv,301
RELIABILITY_DESC_PHYSICAL_HEALTH_3_FAIR_POOR,reliability_flags.csv,302
RELIABILITY_DESC_PHYSICAL_HEALTH_3_GOOD,reliability_flags.csv,303
RELIABILITY_DESC_POVERTY_2_BELOW_200_FPL,reliability_flags.csv,304
RELIABILITY_DESC_POVERTY_2_X200_PLUS_FPL,reliability_flags.csv,305
RELIABILITY_DESC_RACE_ETHNICITY_HISPANIC,reliability_flags.csv,306
RELIABILITY_DESC_RACE_ETHNICITY_NON_HISPANIC_ASIAN,reliability_flags.csv,307
RELIABILITY_DESC_RACE_ETHNICITY_NON_HISPANIC_BLACK,reliability_flags.csv,308
RELIABILITY_DESC_RACE_ETHNICITY_NON_HISPANIC_OTHER_MULTIPLE,reliability_flags.csv,309
RELIABILITY_DESC_RACE_ETHNICITY_NON_HISPANIC_WHITE,reliability_flags.csv,310
RELIABILITY_DESC_REGION_MIDWEST,reliability_flags.csv,311
RELIABILITY_DESC_REGION_NORTHEAST,reliability_flags.csv,312
RELIABILITY_DESC_REGION_SOUTH,reliability_flags.csv,313
RELIABILITY_DESC_REGION_WEST,reliability_flags.csv,314
RELIABILITY_DESC_SEX_FEMALE,reliability_flags.csv,315
RELIABILITY_DESC_SEX_MALE,reliability_flags.csv,316
RELIABILITY_DESC_SURGICAL_EVENT_COUNT_MEAN,reliability_flags.csv,317
RELIABILITY_DESC_WALK_LIMITATION_NO,reliability_flags.csv,318
RELIABILITY_DESC_WALK_LIMITATION_YES,reliability_flags.csv,319
RELIABILITY_ELIGIBLE_N,model_diagnostics.csv,320
RELIABILITY_FULL_DESIGN_DF,model_diagnostics.csv,321
RELIABILITY_FULL_PSU_UNITS,model_diagnostics.csv,322
RELIABILITY_FULL_STRATA,model_diagnostics.csv,323
RELIABILITY_LEVEL_CANCER_Y1_NO,reliability_flags.csv,324
RELIABILITY_LEVEL_CANCER_Y1_YES,reliability_flags.csv,325
RELIABILITY_LEVEL_INSURANCE_MODEL_ANY_PRIVATE,reliability_flags.csv,326
RELIABILITY_LEVEL_INSURANCE_MODEL_NO_PRIVATE,reliability_flags.csv,327
RELIABILITY_LEVEL_MENTAL_HEALTH_3_EXCELLENT_VERY_GOOD,reliability_flags.csv,328
RELIABILITY_LEVEL_MENTAL_HEALTH_3_FAIR_POOR,reliability_flags.csv,329
RELIABILITY_LEVEL_MENTAL_HEALTH_3_GOOD,reliability_flags.csv,330
RELIABILITY_LEVEL_OPIOID_BINARY_ANY_OPIOID,reliability_flags.csv,331
RELIABILITY_LEVEL_OPIOID_BINARY_NO_OPIOID,reliability_flags.csv,332
RELIABILITY_LEVEL_PANEL_X22,reliability_flags.csv,333
RELIABILITY_LEVEL_PANEL_X23,reliability_flags.csv,334
RELIABILITY_LEVEL_PANEL_X25,reliability_flags.csv,335
RELIABILITY_LEVEL_PANEL_X26,reliability_flags.csv,336
RELIABILITY_LEVEL_PHYSICAL_HEALTH_3_EXCELLENT_VERY_GOOD,reliability_flags.csv,337
RELIABILITY_LEVEL_PHYSICAL_HEALTH_3_FAIR_POOR,reliability_flags.csv,338
RELIABILITY_LEVEL_PHYSICAL_HEALTH_3_GOOD,reliability_flags.csv,339
RELIABILITY_LEVEL_POVERTY_2_BELOW_200_FPL,reliability_flags.csv,340
RELIABILITY_LEVEL_POVERTY_2_X200_PLUS_FPL,reliability_flags.csv,341
RELIABILITY_LEVEL_RACE_MODEL_HISPANIC,reliability_flags.csv,342
RELIABILITY_LEVEL_RACE_MODEL_NON_HISPANIC_ASIAN_OTHER_MULTIPLE,reliability_flags.csv,343
RELIABILITY_LEVEL_RACE_MODEL_NON_HISPANIC_BLACK,reliability_flags.csv,344
RELIABILITY_LEVEL_RACE_MODEL_NON_HISPANIC_WHITE,reliability_flags.csv,345
RELIABILITY_LEVEL_REGION_MIDWEST,reliability_flags.csv,346
RELIABILITY_LEVEL_REGION_NORTHEAST,reliability_flags.csv,347
RELIABILITY_LEVEL_REGION_SOUTH,reliability_flags.csv,348
RELIABILITY_LEVEL_REGION_WEST,reliability_flags.csv,349
RELIABILITY_LEVEL_SEX_FEMALE,reliability_flags.csv,350
RELIABILITY_LEVEL_SEX_MALE,reliability_flags.csv,351
RELIABILITY_LEVEL_SURGERY_EMERGENCY_ROOM_X0,reliability_flags.csv,352
RELIABILITY_LEVEL_SURGERY_EMERGENCY_ROOM_X1,reliability_flags.csv,353
RELIABILITY_LEVEL_SURGERY_INPATIENT_X0,reliability_flags.csv,354
RELIABILITY_LEVEL_SURGERY_INPATIENT_X1,reliability_flags.csv,355
RELIABILITY_LEVEL_SURGERY_OFFICE_BASED_X0,reliability_flags.csv,356
RELIABILITY_LEVEL_SURGERY_OFFICE_BASED_X1,reliability_flags.csv,357
RELIABILITY_LEVEL_SURGERY_OUTPATIENT_X0,reliability_flags.csv,358
RELIABILITY_LEVEL_SURGERY_OUTPATIENT_X1,reliability_flags.csv,359
RELIABILITY_LEVEL_WALK_LIMITATION_NO,reliability_flags.csv,360
RELIABILITY_LEVEL_WALK_LIMITATION_YES,reliability_flags.csv,361
RELIABILITY_LONELY_STRATA,model_diagnostics.csv,362
RELIABILITY_M1_DIAG_CALIBRATION_BY_EXPOSURE,reliability_flags.csv,363
RELIABILITY_M1_DIAG_CALIBRATION_INTERCEPT,reliability_flags.csv,364
RELIABILITY_M1_DIAG_CALIBRATION_OVERALL,reliability_flags.csv,365
RELIABILITY_M1_DIAG_CALIBRATION_PREDICTION_GROUPS,reliability_flags.csv,366
RELIABILITY_M1_DIAG_CALIBRATION_SLOPE,reliability_flags.csv,367
RELIABILITY_M1_DIAG_CONDITION_NUMBER,reliability_flags.csv,368
RELIABILITY_M1_DIAG_CONVERGED,reliability_flags.csv,369
RELIABILITY_M1_DIAG_DISPERSION,reliability_flags.csv,370
RELIABILITY_M1_DIAG_ED_POSITIVE_PER_PARAMETER,reliability_flags.csv,371
RELIABILITY_M1_DIAG_MIN_LEVEL_ED_POSITIVE,reliability_flags.csv,372
RELIABILITY_M1_DIAG_MIN_LEVEL_N,reliability_flags.csv,373
RELIABILITY_M1_DIAG_PARAMETER_COUNT,reliability_flags.csv,374
RELIABILITY_M1_DIAG_WEIGHT_MAX_TO_MEDIAN,reliability_flags.csv,375
RELIABILITY_M1_DIAG_ZERO_PROPORTION_UNWEIGHTED,reliability_flags.csv,376
RELIABILITY_M1_DIAG_ZERO_PROPORTION_WEIGHTED,reliability_flags.csv,377
RELIABILITY_M2_DIAG_CONVERGED,reliability_flags.csv,378
RELIABILITY_M3_DIAG_CONVERGED,reliability_flags.csv,379
RELIABILITY_OUTCOME_200_PLUS_FPL_ANY_OPIOID_ED_COUNT,reliability_flags.csv,380
RELIABILITY_OUTCOME_200_PLUS_FPL_NO_OPIOID_ED_COUNT,reliability_flags.csv,381
RELIABILITY_OUTCOME_ANY_OPIOID_ANY_ED,reliability_flags.csv,382
RELIABILITY_OUTCOME_ANY_OPIOID_ED_COUNT,reliability_flags.csv,383
RELIABILITY_OUTCOME_BELOW_200_FPL_ANY_OPIOID_ED_COUNT,reliability_flags.csv,384
RELIABILITY_OUTCOME_BELOW_200_FPL_NO_OPIOID_ED_COUNT,reliability_flags.csv,385
RELIABILITY_OUTCOME_NO_OPIOID_ANY_ED,reliability_flags.csv,386
RELIABILITY_OUTCOME_NO_OPIOID_ED_COUNT,reliability_flags.csv,387
RELIABILITY_RELIABILITY_ANALYSIS_DESIGN_DF,reliability_flags.csv,388
RELIABILITY_RELIABILITY_ANALYSIS_N,reliability_flags.csv,389
RELIABILITY_RELIABILITY_COMPLETE_CASE_LOSS_PCT,reliability_flags.csv,390
RELIABILITY_RELIABILITY_ELIGIBLE_N,reliability_flags.csv,391
RELIABILITY_RELIABILITY_FULL_DESIGN_DF,reliability_flags.csv,392
RELIABILITY_RELIABILITY_FULL_PSU_UNITS,reliability_flags.csv,393
RELIABILITY_RELIABILITY_FULL_STRATA,reliability_flags.csv,394
RELIABILITY_RELIABILITY_LONELY_STRATA,reliability_flags.csv,395
RELIABILITY_RELIABILITY_UNIVERSE_N,reliability_flags.csv,396
RELIABILITY_UNIVERSE_N,model_diagnostics.csv,397
S01_EXCLUDE_PANEL25_DIFFERENCE,sensitivity_results.csv,398
S01_EXCLUDE_PANEL25_RATIO,sensitivity_results.csv,399
S02_ANY_ED_ANY_OPIOID_MEAN,sensitivity_results.csv,400
S02_ANY_ED_DIFFERENCE,sensitivity_results.csv,401
S02_ANY_ED_NO_OPIOID_MEAN,sensitivity_results.csv,402
S02_ANY_ED_RATIO,sensitivity_results.csv,403
S03_POVERTY3_INTERACTION_WALD,sensitivity_results.csv,404
S04_NON_ER_SURGERY_DIFFERENCE,sensitivity_results.csv,405
S04_NON_ER_SURGERY_RATIO,sensitivity_results.csv,406
S05_EXCLUDE_CANCER_DIFFERENCE,sensitivity_results.csv,407
S05_EXCLUDE_CANCER_RATIO,sensitivity_results.csv,408
S06_ALL_YEAR1_OPIOIDS_DIFFERENCE,sensitivity_results.csv,409
S06_ALL_YEAR1_OPIOIDS_RATIO,sensitivity_results.csv,410
S07A_ACTIVITY_LIMIT_DIFFERENCE,sensitivity_results.csv,411
S07A_ACTIVITY_LIMIT_RATIO,sensitivity_results.csv,412
S07B_IADL_LIMIT_DIFFERENCE,sensitivity_results.csv,413
S07B_IADL_LIMIT_RATIO,sensitivity_results.csv,414
S07C_ADL_LIMIT_DIFFERENCE,sensitivity_results.csv,415
S07C_ADL_LIMIT_RATIO,sensitivity_results.csv,416
S08_AGE_CATEGORIES_DIFFERENCE,sensitivity_results.csv,417
S08_AGE_CATEGORIES_RATIO,sensitivity_results.csv,418
S09_WEIGHT_CAP_99_DIFFERENCE,sensitivity_results.csv,419
S09_WEIGHT_CAP_99_RATIO,sensitivity_results.csv,420
S10A_UNADJUSTED_DIFFERENCE,sensitivity_results.csv,421
S10A_UNADJUSTED_RATIO,sensitivity_results.csv,422
S10B_MINIMAL_DIFFERENCE,sensitivity_results.csv,423
S10B_MINIMAL_RATIO,sensitivity_results.csv,424
