key,label,estimand,estimate,std_error,ci_low,ci_high,p_value,unweighted_n,weighted_millions,design_df,model_status,suppressed,analysis_id,converged,error
S01_EXCLUDE_PANEL25_RATIO,any_opioid versus no_opioid ratio,standardized_mean_ratio,1.002190300475479,0.11930147443734103,0.7927693012409461,1.2669327593726645,0.985350283792054,3809,25.52887753728475,259,pass,FALSE,S01_EXCLUDE_PANEL25,TRUE,
S01_EXCLUDE_PANEL25_DIFFERENCE,any_opioid versus no_opioid difference,standardized_mean_difference,7.891812570235412e-4,0.04297088742753672,-0.08382761019143606,0.08540597270548314,0.9853614253685721,3809,25.52887753728475,259,pass,FALSE,S01_EXCLUDE_PANEL25,TRUE,
S04_NON_ER_SURGERY_RATIO,any_opioid versus no_opioid ratio,standardized_mean_ratio,0.986747973261039,0.11595804415003194,0.782895327428262,1.2436803856438743,0.9097050843917072,4141,31.132884352658,257,pass,FALSE,S04_NON_ER_SURGERY,TRUE,
S04_NON_ER_SURGERY_DIFFERENCE,any_opioid versus no_opioid difference,standardized_mean_difference,-0.004378150712693818,0.03839077170164071,-0.07997869785691147,0.07122239643152384,0.9092937389996649,4141,31.132884352658,257,pass,FALSE,S04_NON_ER_SURGERY,TRUE,
S05_EXCLUDE_CANCER_RATIO,any_opioid versus no_opioid ratio,standardized_mean_ratio,0.9147330247978409,0.11900514312248767,0.7079751301858821,1.1818727395637731,0.49394816633703276,3228,24.508866056286248,251,pass,FALSE,S05_EXCLUDE_CANCER,TRUE,
S05_EXCLUDE_CANCER_DIFFERENCE,any_opioid versus no_opioid difference,standardized_mean_difference,-0.029151072651263266,0.041220191322105686,-0.11033260001873667,0.05203045471621014,0.4800959524855575,3228,24.508866056286248,251,pass,FALSE,S05_EXCLUDE_CANCER,TRUE,
S06_ALL_YEAR1_OPIOIDS_RATIO,any_opioid versus no_opioid ratio,standardized_mean_ratio,0.9945122160287653,0.08978790175010626,0.8325355296954257,1.1880028089519261,0.9514445592256793,4454,33.35670763125,261,pass,FALSE,S06_ALL_YEAR1_OPIOIDS,TRUE,
S06_ALL_YEAR1_OPIOIDS_DIFFERENCE,any_opioid versus no_opioid difference,standardized_mean_difference,-0.001888264942269513,0.030972963965660627,-0.06287696487500138,0.05910043499046236,0.9514337862983937,4454,33.35670763125,261,pass,FALSE,S06_ALL_YEAR1_OPIOIDS,TRUE,
S07A_ACTIVITY_LIMIT_RATIO,any_opioid versus no_opioid ratio,standardized_mean_ratio,0.9688880973492626,0.10877457747508937,0.7767231004944078,1.2085956302671248,0.778530366597037,4446,33.30866754374925,261,pass,FALSE,S07A_ACTIVITY_LIMIT,TRUE,
S07A_ACTIVITY_LIMIT_DIFFERENCE,any_opioid versus no_opioid difference,standardized_mean_difference,-0.010734700360977067,0.037747321174160554,-0.08506275133174347,0.06359335060978934,0.7763422996186758,4446,33.30866754374925,261,pass,FALSE,S07A_ACTIVITY_LIMIT,TRUE,
S07B_IADL_LIMIT_RATIO,any_opioid versus no_opioid ratio,standardized_mean_ratio,0.9737300614474109,0.10783180541058167,0.7829545697268578,1.210990099843406,0.8102156733069177,4452,33.34887260008625,261,pass,FALSE,S07B_IADL_LIMIT,TRUE,
S07B_IADL_LIMIT_DIFFERENCE,any_opioid versus no_opioid difference,standardized_mean_difference,-0.009052270368335724,0.03733973823735728,-0.08257775192863316,0.06447321119196171,0.8086374317992243,4452,33.34887260008625,261,pass,FALSE,S07B_IADL_LIMIT,TRUE,
S07C_ADL_LIMIT_RATIO,any_opioid versus no_opioid ratio,standardized_mean_ratio,0.9797341470849811,0.10940293473192053,0.7863456885613135,1.2206832350292602,0.8546657964848061,4450,33.33803016835825,260,pass,FALSE,S07C_ADL_LIMIT,TRUE,
S07C_ADL_LIMIT_DIFFERENCE,any_opioid versus no_opioid difference,standardized_mean_difference,-0.006970825924358548,0.03777388834662261,-0.08135252281127034,0.06741087096255324,0.8537330318597381,4450,33.33803016835825,260,pass,FALSE,S07C_ADL_LIMIT,TRUE,
S08_AGE_CATEGORIES_RATIO,any_opioid versus no_opioid ratio,standardized_mean_ratio,0.964046631803225,0.10763719296317184,0.7737798555093155,1.2010986092154141,0.7432156169559183,4454,33.35670763125,261,pass,FALSE,S08_AGE_CATEGORIES,TRUE,
S08_AGE_CATEGORIES_DIFFERENCE,any_opioid versus no_opioid difference,standardized_mean_difference,-0.012430982329492135,0.03745117473771325,-0.08617589291470625,0.061313928255721975,0.7402122596283167,4454,33.35670763125,261,pass,FALSE,S08_AGE_CATEGORIES,TRUE,
S09_WEIGHT_CAP_99_RATIO,any_opioid versus no_opioid ratio,standardized_mean_ratio,0.9775936967228384,0.10688996533316031,0.788232884057271,1.2124455287287748,0.8359730100610558,4454,32.97114001276603,261,pass,FALSE,S09_WEIGHT_CAP_99,TRUE,
S09_WEIGHT_CAP_99_DIFFERENCE,any_opioid versus no_opioid difference,standardized_mean_difference,-0.007749377870794771,0.037121056501013515,-0.08084425437781331,0.06534549863622377,0.8347987201247963,4454,32.97114001276603,261,pass,FALSE,S09_WEIGHT_CAP_99,TRUE,
S10A_UNADJUSTED_RATIO,any_opioid versus no_opioid ratio,standardized_mean_ratio,1.1008266312098862,0.14341045684175446,0.8517494117377564,1.4227415426193586,0.4615582263802208,4454,33.35670763125,261,pass,FALSE,S10A_UNADJUSTED,TRUE,
S10A_UNADJUSTED_DIFFERENCE,any_opioid versus no_opioid difference,standardized_mean_difference,0.03402642880500034,0.04771288846543208,-0.05992476814109644,0.1279776257510971,0.4763903056217854,4454,33.35670763125,261,pass,FALSE,S10A_UNADJUSTED,TRUE,
S10B_MINIMAL_RATIO,any_opioid versus no_opioid ratio,standardized_mean_ratio,1.145500239040784,0.14464031116948534,0.8933358166204323,1.4688438247181788,0.283002912098778,4454,33.35670763125,261,pass,FALSE,S10B_MINIMAL,TRUE,
S10B_MINIMAL_DIFFERENCE,any_opioid versus no_opioid difference,standardized_mean_difference,0.04877155465268124,0.04745466381757632,-0.044671173501705116,0.1422142828070676,0.3050187233880312,4454,33.35670763125,261,pass,FALSE,S10B_MINIMAL,TRUE,
S02_ANY_ED_NO_OPIOID_MEAN,no_opioid standardized outcome,standardized_probability,0.22024778994462385,0.009385160831259148,0.20176751926750386,0.23872806062174384,,4454,33.35670763125,261,pass,FALSE,S02_ANY_ED,TRUE,
S02_ANY_ED_ANY_OPIOID_MEAN,any_opioid standardized outcome,standardized_probability,0.20079410113345583,0.0164774217792712,0.1683484968420747,0.23323970542483696,,4454,33.35670763125,261,pass,FALSE,S02_ANY_ED,TRUE,
S02_ANY_ED_RATIO,any_opioid versus no_opioid ratio,standardized_mean_ratio,0.9116736253468913,0.0845299440340586,0.7595366184372085,1.0942840397389684,0.3195215151513439,4454,33.35670763125,261,pass,FALSE,S02_ANY_ED,TRUE,
S02_ANY_ED_DIFFERENCE,any_opioid versus no_opioid difference,standardized_mean_difference,-0.01945368881116802,0.019017599899208936,-0.056901144436646026,0.01799376681430999,0.3072877389459711,4454,33.35670763125,261,pass,FALSE,S02_ANY_ED,TRUE,
S03_POVERTY3_INTERACTION_WALD,Three-level poverty interaction,wald_interaction_test,1.3805002159983728,,,,0.2535555958407629,4454,33.35670763125,261,pass,FALSE,S03_POVERTY3,TRUE,
